coenti;ramos;UF; premio_dir ;Filtro
4421;1601;SP;202.376,60;S
1007;977;RJ;19.557,60;S
1007;982;RS;11.373.095,20;S
1007;993;RS;22.128,40;S
1015;114;RJ;6.921.231,10;S
1015;116;RJ;6.537.112,20;S
1015;118;RJ;3.984.729,90;S
1015;141;RJ;176.601,10;S
1015;351;RJ;568.265,60;S
1015;520;RJ;5.901.688,50;S
1015;525;RS;371.769,30;S
1015;531;RJ;164.356.887,50;S
1015;542;RJ;62.935.061,30;S
1015;553;RJ;55.956.685,70;S
1015;711;RJ;27.864,10;S
1015;993;RJ;246.339,90;S
1015;1061;SP;141.466,00;S
1015;1065;SP;76.363,50;S
1015;1329;RJ;41.227,00;S
1091;531;RS;58.262,90;S
1261;1601;SP;600.759,10;S
1279;118;SP;11.028,00;S
1279;196;RJ;12.894.973,50;S
1279;351;BA;20.700,30;S
1279;775;RJ;81.216,20;S
1279;776;SP;32.968,10;S
1279;1101;PR;31.024.428,50;S
1414;167;SP;591.215,90;S
1414;171;SP;272.617,80;S
1414;310;SP;119.904,90;S
1414;313;SP;225.528,20;S
1414;351;SP;829.706,00;S
1414;378;GO;1.937.818,60;S
1414;621;SP;219.062,90;S
1414;622;SP;321.016,60;S
1414;632;RJ;18.608,20;S
1414;652;GO;22.563,40;S
1414;654;SP;639.908,80;S
1414;655;SP;529.971,30;S
1414;746;SP;96.011,10;S
1414;775;SP;2.343.704,20;S
1414;776;RS;572.376,00;S
1414;982;PR;1.015.086,90;S
1414;993;SP;17.564,00;S
1414;1130;PR;16.562,60;S
1431;167;SP;20.210,00;S
1431;171;MG;51.161,10;S
1431;196;SP;5.578.594,50;S
1431;310;SP;174.824,30;S
1431;327;SP;193.980,00;S
1431;351;SP;580.162,10;S
1431;378;SP;115.773,40;S
1431;621;PA;529.900,00;S
1431;622;SP;368.522,50;S
1431;654;SP;426.868,00;S
1431;655;SP;259.664,40;S
1431;658;SP;14.575,70;S
1431;1417;CE;180.000,00;S
1431;1535;MS;70.285,30;S
1431;1537;SP;73.383,40;S
1431;1597;SP;20.268,30;S
1431;1597;MT;17.566,30;S
1490;114;RJ;13.357,90;S
1490;118;CE;65.032,00;S
1490;141;SP;34.334,90;S
1490;171;CE;478.106,80;S
1490;378;SP;42.656,10;S
1490;520;RS;260.297,50;S
1490;531;RJ;41.247,20;S
1490;553;SP;274.918,30;S
1490;621;PR;32.400,00;S
1490;623;RJ;1.988.473,20;S
1490;628;RJ;1.379.892,10;S
1490;654;SP;596.700,00;S
1490;655;SP;596.700,00;S
1490;1061;RJ;166.387,40;S
1490;1065;RJ;230.435,40;S
1490;1101;RJ;288.397,10;S
1490;1130;RJ;42.225,40;S
1490;1162;RS;18.197,30;S
1490;1433;SP;264.029,70;S
1490;1528;SP;55.193,90;S
1490;1535;RJ;489.766,90;S
1490;1537;BA;36.913,80;S
1490;1597;PR;12.615,90;S
1554;977;GO;33.994,10;S
1554;1601;GO;41.982,90;S
1571;167;SP;433.190,50;S
1571;171;SP;897.955,30;S
1571;196;SP;8.033.343,30;S
1571;310;SP;22.615,50;S
1571;327;SP;94.842,10;S
1571;351;SP;5.914.455,60;S
1571;378;SP;24.209,30;S
1571;378;PR;10.752,00;S
1571;621;SP;11.585.503,90;S
1571;622;MG;2.630.619,00;S
1571;654;SP;913.203,80;S
1571;655;MG;166.179,20;S
1571;658;DF;21.935,50;S
1571;993;RJ;39.247,00;S
1627;114;SP;429.012,10;S
1627;118;SP;913.500,10;S
1627;141;RJ;111.080,80;S
1627;171;BA;200.000,20;S
1627;195;PR;1.816.074,00;S
1627;310;PR;176.940,90;S
1627;351;RS;92.686,10;S
1627;746;SP;39.165,50;S
1627;775;CE;1.155.305,50;S
1741;167;SE;25.037,20;S
1741;173;SP;267.368,40;S
1741;310;PR;35.856,00;S
1741;378;RJ;68.080,10;S
1741;746;BA;74.793,60;S
1741;775;PR;2.402.779,60;S
1741;776;RR;216.934,00;S
1805;982;SC;65.813,50;S
1805;993;SC;199.905,50;S
1805;1601;AC;208.933,30;S
1937;977;RJ;55.674,40;S
1970;118;SP;70.191,80;S
1970;310;PB;75.888,00;S
1970;378;ES;1.074.721,90;S
2020;748;RS;4.207.000,00;S
2020;749;RS;103.864,70;S
2062;195;SP;14.067.367,10;S
2071;748;SP;24.566,10;S
2071;775;SP;239.019,30;S
2101;929;RJ;692.396,40;S
2101;936;RJ;143.152,30;S
2101;977;RJ;7.551.380,80;S
2101;982;RJ;5.202.764,40;S
2101;984;RJ;383.385,40;S
2101;990;SP;2.149.216,60;S
2101;993;RJ;4.985.114,10;S
2101;1198;RJ;2.562.980,80;S
2101;1329;RJ;170.406,90;S
2101;1336;SP;136.870,40;S
2101;1381;SP;473.886,00;S
2101;1383;SP;3.200.403,80;S
2101;1390;SP;23.950,40;S
2101;1391;RJ;6.331.049,50;S
2101;1392;SP;523.780,90;S
2119;114;RJ;10.554,00;S
2119;553;RJ;34.303,10;S
2119;982;RJ;12.652,80;S
2143;171;SP;3.707.378,20;S
2143;195;MG;5.113.042,40;S
2143;524;SP;79.655,70;S
2143;542;SP;119.493,20;S
2143;977;SP;348.606,50;S
2143;982;SP;108.378,40;S
2143;1329;SC;20.905,20;S
2143;1377;SP;1.123.760,10;S
2143;1390;SP;269.493,00;S
2143;1601;SP;135.004,10;S
2143;1602;SP;129.603,40;S
2275;1601;RJ;40.822,20;S
2305;775;DF;4.515.705,60;S
2305;776;MG;6.302.652,10;S
2461;118;MS;488.917,90;S
2461;167;SP;14.785,70;S
2461;234;RJ;1.182.382,30;S
2461;310;RN;901.326,10;S
2461;351;RN;36.858,20;S
2461;378;PA;240.527,90;S
2461;621;SP;48.291,30;S
2461;652;SP;10.879,30;S
2461;654;BA;120.000,00;S
2461;655;MG;41.329,70;S
2461;746;SP;108.532,80;S
2461;775;DF;3.363.148,90;S
2461;776;RJ;43.133,90;S
2461;1433;BA;438.127,20;S
2461;1734;BA;657.374,90;S
2542;969;SP;323.396,50;S
2542;982;SP;21.489,80;S
2542;993;SP;48.036,90;S
2542;1369;SP;998.734,90;S
2682;994;PE;715.502,60;S
2682;1392;SP;784.313,40;S
2771;1391;RS;45.364,00;S
2771;1601;RO;120.020,80;S
2798;118;SP;102.000,60;S
2798;141;SP;10.385,40;S
2798;167;MT;118.972,90;S
2798;171;SP;303.846,70;S
2798;196;PR;29.552,60;S
2798;310;PR;659.772,90;S
2798;313;SP;206.490,90;S
2798;327;AC;35.002,60;S
2798;351;SP;1.012.881,80;S
2798;378;SP;1.135.040,60;S
2798;621;SP;839.104,20;S
2798;622;SP;497.474,20;S
2798;654;SP;782.417,30;S
2798;655;SP;447.922,70;S
2798;656;PA;40.226,20;S
2798;775;BA;542.954,70;S
2798;776;PR;24.482,60;S
2801;929;RS;31.799,20;S
2801;977;RS;89.379,90;S
2801;982;RS;138.592,40;S
2801;993;MG;894.098,30;S
2852;118;SP;116.902,40;S
2852;141;SP;103.701,00;S
2852;167;SP;120.024,40;S
2852;171;MG;130.333,10;S
2852;195;SP;6.201.074,50;S
2852;196;BA;1.498.420,20;S
2852;310;SP;105.931,30;S
2852;327;SP;13.574,90;S
2852;351;SP;2.081.880,10;S
2852;378;SP;1.815.369,00;S
2852;621;SP;6.952.998,60;S
2852;622;SP;1.977.356,40;S
2852;644;SP;84.698,20;S
2852;654;SP;2.190.009,30;S
2852;655;SP;1.190.215,80;S
2852;656;SP;13.857,70;S
2852;658;SP;37.954,00;S
2852;743;SP;62.495,40;S
2852;775;SP;1.485.550,80;S
2852;776;SP;25.463,20;S
2852;969;SP;2.469.147,50;S
2852;982;MG;104.669,80;S
2852;993;SP;594.962,90;S
2852;1162;SP;331.932,50;S
2852;1528;SP;204.691,00;S
2852;1535;SP;756.433,60;S
2852;1597;SP;109.304,60;S
2852;1601;SP;113.124,00;S
2895;929;ES;63.287,50;S
2895;977;SP;628.747,00;S
2895;982;ES;191.810,70;S
2895;987;ES;15.121,40;S
2895;993;SP;386.486,20;S
2895;994;SP;26.411,40;S
2895;1329;SP;17.789,10;S
2895;1369;ES;354.551,10;S
2895;1377;PR;158.289,90;S
2895;1381;MG;26.594,00;S
2895;1392;MG;507.369,60;S
2895;1601;SP;13.495,50;S
2933;114;SP;239.155,10;S
2933;115;SP;719.643,90;S
2933;171;SP;10.859.425,20;S
2933;195;SP;11.550.792,60;S
2933;531;SP;3.065.352,30;S
2933;542;RS;82.800,70;S
2933;746;SP;415.565,00;S
2933;1602;RS;593.927,30;S
2950;114;PR;557.042,80;S
2950;118;PR;256.012,80;S
2950;196;PR;158.899,00;S
2950;520;PR;13.327,90;S
2950;531;PR;2.947.444,70;S
2950;553;PR;2.380.835,60;S
2950;977;PR;1.448.026,10;S
2950;993;PR;700.660,50;S
2950;1101;PR;5.626.213,60;S
2950;1198;PR;69.820,70;S
2950;1329;PR;15.759,40;S
2950;1369;PR;1.875.381,70;S
2950;1381;PR;46.208,80;S
2950;1384;PR;276.212,40;S
2950;1391;PR;380.456,40;S
2968;195;MT;2.019.931,90;S
2968;977;RJ;120.890,80;S
2968;1377;MT;134.755,20;S
2968;1390;MT;155.127,20;S
2968;1601;SC;144.614,90;S
2968;1602;PR;12.794,90;S
3069;167;MA;28.697,80;S
3069;171;MG;78.226,90;S
3069;195;MG;104.428,00;S
3069;196;SP;25.679,90;S
3069;746;SP;522.434,80;S
3069;775;SP;4.345.389,30;S
3069;776;MG;888.885,90;S
3069;1130;SP;855.865,00;S
3069;1162;AL;392.690,40;S
3069;1391;MG;17.260,20;S
3069;1535;RJ;78.340,70;S
3069;1537;PE;62.475,00;S
3093;588;SP;17.497.774,50;S
3182;114;SP;19.612.763,90;S
3182;520;RJ;219.438,70;S
3182;531;SP;6.109.284,60;S
3182;542;SP;593.854,80;S
3182;553;SP;1.672.390,80;S
3182;628;MT;31.589,60;S
3263;171;SP;5.269.684,20;S
3263;531;SP;1.834.062,10;S
3263;553;SP;107.593,80;S
3271;588;SP;421.291.660,80;S
3298;994;SP;1.300.508,90;S
3298;1383;SP;4.155.481,50;S
3298;1392;SP;8.765.303,30;S
3328;748;SP;3.470.901,60;S
3328;749;SP;2.197.831,30;S
3387;114;PR;29.550,30;S
3387;993;PR;15.946,60;S
3476;114;RS;1.464.705,20;S
3476;1061;DF;15.596,00;S
3531;171;BA;70.814,00;S
3531;195;BA;198.709,10;S
3531;1377;MG;183.412,60;S
3531;1601;MG;295.011,00;S
3531;1602;MG;368.383,00;S
3646;167;SP;24.203.016,70;S
3646;171;SP;1.107.347,40;S
3646;195;SP;365.808,50;S
3646;351;SP;75.571,40;S
3646;378;DF;201.250,00;S
3646;623;SP;43.969,80;S
3646;628;SP;30.668,80;S
3646;654;SP;20.111,30;S
3646;655;SP;14.249,40;S
3646;746;SP;75.066,10;S
3646;775;SP;6.249.977,80;S
3646;776;SP;17.706,20;S
3646;929;SP;30.744,20;S
3646;982;SP;52.259,10;S
3646;1101;SP;2.612.138,30;S
3646;1329;SP;28.584,40;S
3646;1381;SP;12.477,70;S
3646;1390;SP;3.010.709,90;S
3646;1734;SP;16.455.815,50;S
3646;1872;SP;37.390.916,90;S
3654;977;MG;705.068,20;S
3654;1198;MG;215.368,20;S
3654;1384;MG;18.467,70;S
3654;1391;MG;20.448,20;S
3671;171;RJ;24.107,60;S
3671;520;RJ;17.652,70;S
3671;524;SC;87.429,00;S
3671;526;TO;22.514,20;S
3671;531;RJ;278.966,20;S
3671;542;RJ;257.754,00;S
3671;711;SP;16.306,60;S
3671;977;SP;2.215.093,50;S
3671;1065;SP;213.337,50;S
3727;118;SP;1.407.010,20;S
3727;141;SP;61.793,00;S
3727;167;SP;468.241,00;S
3727;310;SP;479.746,80;S
3727;313;SP;18.472,30;S
3727;351;SP;682.508,10;S
3727;378;SP;271.508,90;S
3794;711;SP;188.291,10;S
3794;993;SP;249.050,00;S
3794;1377;PR;77.928,30;S
4031;1392;SP;10.000.000,00;S
4111;542;RJ;36.313,90;S
4111;775;DF;623.905,00;S
4111;776;RN;270.148,00;S
4251;929;RJ;660.557,80;S
4251;982;RJ;2.419.975,30;S
4251;984;RJ;414.238,80;S
4251;987;RJ;97.480,50;S
4251;990;RS;791.598,00;S
4251;993;RJ;1.436.977,60;S
4251;1381;SP;24.351,50;S
4359;748;SP;2.297.851,10;S
4359;749;SP;210.009,80;S
4359;775;SP;2.907.164,10;S
4367;929;SP;59.132,70;S
4367;969;DF;102.006,30;S
4367;980;SP;151.659,50;S
4367;982;SP;1.305.598,00;S
4367;990;SP;12.223,90;S
4367;993;SP;14.970.100,40;S
4421;977;SP;33.593.928,90;S
4421;982;SP;39.292,80;S
4421;993;SP;6.244.093,60;S
4421;1198;RN;242.005,70;S
4421;1381;ES;32.380,50;S
4481;171;ES;196.269,90;S
4481;195;ES;1.734.627,10;S
4481;1377;BA;111.566,00;S
4669;114;SP;21.603,90;S
4669;115;PE;388.800,00;S
4669;118;SP;73.270,80;S
4669;141;BA;137.533,10;S
4669;167;PB;1.738.044,00;S
4669;171;SP;192.307,80;S
4669;196;RJ;462.605,70;S
4669;234;BA;746.235,80;S
4669;310;SP;298.692,00;S
4669;313;SP;11.033,20;S
4669;351;SP;2.265.702,20;S
4669;378;SP;447.344,30;S
4669;621;SP;440.617,90;S
4669;622;MT;1.341.841,70;S
4669;652;SP;125.685,60;S
4669;654;SP;1.151.309,90;S
4669;655;SP;577.127,90;S
4669;656;AM;106.400,00;S
4669;743;SP;98.189,10;S
4669;746;PR;64.505,60;S
4669;748;SP;116.828,10;S
4669;775;SP;11.511.832,00;S
4669;776;SP;1.031.494,40;S
4669;977;SP;75.669,00;S
4669;982;PR;137.040,50;S
4669;993;CE;39.867,80;S
4669;1101;SP;364.664,80;S
4669;1103;SP;384.091,30;S
4669;1105;SP;348.526,10;S
4669;1107;RS;5.565.569,20;S
4669;1130;MT;48.910,60;S
4669;1162;RS;43.428,20;S
4669;1164;SP;465.229,80;S
4669;1417;MS;143.694,00;S
4669;1428;MT;1.959.303,50;S
4669;1433;MT;3.715.376,00;S
4669;1528;SP;64.391,40;S
4669;1535;SP;224.973,00;S
4669;1597;TO;192.266,80;S
4669;1734;RS;1.823.421,00;S
4669;1872;RJ;29.294.384,50;S
4707;1391;MA;33.534,50;S
4707;1392;SP;1.005.184.729,90;S
4740;994;SP;1.870.717,60;S
4740;1392;SP;19.843.326,30;S
4782;378;SC;108.839,00;S
4782;746;MG;58.013,70;S
4782;775;GO;316.817,20;S
4782;776;RJ;226.588,40;S
4782;1101;MA;789.693,80;S
4928;118;SP;511.145,20;S
4928;167;CE;2.756.019,10;S
4928;171;SP;875.019,90;S
4928;196;SC;72.321.890,10;S
4928;310;MG;867.704,00;S
4928;313;MA;1.210.942,40;S
4928;351;SE;2.138.061,80;S
4928;378;ES;67.171,20;S
4928;621;MT;5.532.074,10;S
4928;622;SP;3.032.471,10;S
4928;632;MS;19.279,90;S
4928;654;PA;252.343,60;S
4928;655;RS;582.183,00;S
4928;969;SP;21.051,10;S
4928;982;PR;12.836,90;S
4928;993;SP;146.243,50;S
4928;1369;SP;2.270.613,00;S
4928;1528;RJ;716.238,60;S
4928;1535;MG;10.591.977,20;S
4928;1537;SP;3.913.058,80;S
4952;531;SP;4.572.483,00;S
4952;542;SP;3.162.546,00;S
4952;553;SP;1.217.898,30;S
5045;993;BA;58.286,70;S
5070;929;SP;6.254.798,10;S
5070;977;SP;57.996.493,60;S
5070;982;SP;43.038.163,30;S
5070;984;SP;4.852.916,50;S
5070;990;SP;577.027,70;S
5070;993;SP;31.848.561,30;S
5070;994;SP;393.172,80;S
5070;1198;RN;54.065,00;S
5070;1377;DF;25.033,90;S
5070;1392;SP;202.531.825,60;S
5096;929;SP;232.161,90;S
5096;982;SP;3.580.905,60;S
5096;984;SP;1.899.191,70;S
5096;990;SP;31.445,70;S
5096;993;SP;12.479.040,60;S
5096;994;SP;24.401.197,40;S
5096;1329;SP;17.061,00;S
5096;1381;SP;132.265,40;S
5096;1391;SP;67.868,30;S
5096;1392;SP;873.915.513,50;S
5118;114;RS;1.437.303,80;S
5118;116;RJ;1.213.073,50;S
5118;118;RJ;638.290,90;S
5118;141;RJ;35.148,70;S
5118;351;RJ;112.654,90;S
5118;520;RJ;455.064,20;S
5118;525;RS;104.548,10;S
5118;531;SP;35.265.145,80;S
5118;542;SP;8.834.937,90;S
5118;553;SP;10.353.697,90;S
5118;993;RJ;76.836,00;S
5142;929;SP;30.150,30;S
5142;977;RS;23.067.941,10;S
5142;982;RS;3.703.106,00;S
5142;990;RJ;366.736,20;S
5142;993;RS;39.355.963,30;S
5142;994;SP;1.614.000,50;S
5142;1061;RS;672.895,80;S
5142;1198;RS;427.274,00;S
5142;1329;RS;215.490,70;S
5142;1381;RJ;166.592,10;S
5142;1391;SP;1.958.850,50;S
5142;1392;SP;16.245.202,20;S
5142;2293;PR;340.513,50;S
5177;112;RS;160.439,50;S
5177;114;SP;245.573,30;S
5177;115;SP;751.925,00;S
5177;116;SP;1.911.897,80;S
5177;118;SP;1.474.982,40;S
5177;141;SP;198.482,10;S
5177;167;PR;2.550.663,60;S
5177;171;SP;2.183.502,70;S
5177;196;SP;8.594.140,70;S
5177;310;SP;556.228,30;S
5177;313;RJ;77.872,90;S
5177;327;MG;443.750,00;S
5177;351;SP;2.061.018,60;S
5177;378;SP;1.491.804,50;S
5177;520;SP;3.467.758,30;S
5177;524;RJ;19.784,20;S
5177;525;RS;450.312,00;S
5177;531;SP;40.709.307,50;S
5177;542;PB;1.516.259,20;S
5177;553;SP;12.046.379,90;S
5177;621;SP;14.061.930,40;S
5177;622;CE;265.542,20;S
5177;632;PR;312.230,30;S
5177;654;SP;3.561.340,10;S
5177;655;MG;1.146.963,40;S
5177;775;SP;875.715,00;S
5177;776;RJ;56.453,60;S
5177;977;RS;39.414,00;S
5177;982;SP;219.344,40;S
5177;990;SP;381.855,40;S
5177;993;SP;1.545.600,60;S
5177;1061;SP;405.317,00;S
5177;1065;SP;171.070,00;S
5177;1101;MS;5.472.905,20;S
5177;1102;MS;15.971,60;S
5177;1107;DF;250.828,20;S
5177;1108;MG;168.915,60;S
5177;1130;RS;597.726,60;S
5177;1162;RS;703.349,40;S
5177;1369;SP;2.046.822,70;S
5177;1381;ES;43.832,80;S
5177;1391;SP;817.549,90;S
5177;1417;CE;20.488,20;S
5177;1433;SP;1.022.430,00;S
5177;1528;RJ;1.300.092,40;S
5177;1535;BA;34.012,20;S
5177;1537;PE;490.516,80;S
5177;1597;SP;11.283,50;S
5177;1734;RJ;11.713.736,70;S
5185;112;SC;164.033,80;S
5185;114;PR;1.632.326,40;S
5185;118;PR;1.257.165,90;S
5185;141;SP;52.756,20;S
5185;167;SP;326.559,90;S
5185;171;RS;244.505,60;S
5185;196;SP;131.950,60;S
5185;234;RJ;46.223,70;S
5185;310;SP;1.123.833,00;S
5185;351;SP;600.213,20;S
5185;378;SP;179.996,00;S
5185;520;RS;544.539,90;S
5185;525;RS;12.699,10;S
5185;531;SP;21.441.813,80;S
5185;542;SP;11.963.165,00;S
5185;553;SP;11.424.072,40;S
5185;621;SP;230.953,30;S
5185;622;PR;684.664,20;S
5185;654;SP;1.194.232,30;S
5185;655;SP;675.801,30;S
5185;746;MG;648.737,00;S
5185;775;SP;3.729.907,50;S
5185;776;RS;42.606,10;S
5185;929;SP;112.406,10;S
5185;977;MG;821.967,90;S
5185;980;SP;64.981,80;S
5185;982;SP;351.023,60;S
5185;990;RJ;47.250,60;S
5185;993;SP;1.842.552,30;S
5185;1162;SP;61.301,60;S
5185;1329;RS;97.560,90;S
5185;1377;SP;652.576,60;S
5185;1381;BA;418.126,80;S
5185;1384;RS;37.370,90;S
5185;1390;SP;31.463,40;S
5185;1391;RS;749.229,70;S
5185;1428;RJ;16.969,40;S
5185;1433;SP;630.508,80;S
5193;748;RS;5.136.755,80;S
5193;929;SC;38.843,50;S
5193;977;RS;1.066.993,40;S
5193;982;RS;2.388.343,00;S
5193;987;SC;41.672,90;S
5193;990;RS;60.188,90;S
5193;993;RS;1.917.905,50;S
5274;114;ES;112.006,10;S
5274;171;ES;22.373,30;S
5274;520;ES;180.950,20;S
5274;531;ES;4.168.240,10;S
5274;553;ES;1.390.330,50;S
5274;977;ES;277.009,10;S
5274;982;ES;141.699,10;S
5274;993;ES;4.402.787,60;S
5274;1381;ES;166.542,70;S
5274;1390;ES;42.794,60;S
5274;1392;ES;513.262,80;S
5282;1329;SP;278.239,30;S
5282;1381;SP;2.044.850,10;S
5282;1383;SP;2.866.108,60;S
5282;1384;SP;2.971.331,80;S
5282;1386;SP;696.808,80;S
5282;1390;SP;1.083.593,50;S
5282;1391;SP;36.034.525,90;S
5312;114;SP;9.658.934,50;S
5312;116;RJ;623.533,70;S
5312;118;SP;2.936.929,10;S
5312;167;SP;123.863,90;S
5312;171;RJ;12.174.112,70;S
5312;196;SP;17.310.254,90;S
5312;234;RJ;53.326,20;S
5312;351;RJ;133.139,90;S
5312;520;SP;619.124,30;S
5312;531;SP;52.983.906,10;S
5312;542;SP;995.377,70;S
5312;553;SP;15.253.674,50;S
5312;621;SP;1.804.783,40;S
5312;622;PR;371.835,20;S
5312;628;DF;47.818,20;S
5312;638;SP;117.165,40;S
5312;652;SP;87.349,60;S
5312;654;RS;3.399.617,20;S
5312;655;RS;2.452.572,30;S
5312;656;SP;72.663,10;S
5312;746;SP;93.455,10;S
5312;748;RJ;10.294.144,40;S
5312;870;RJ;876.758,00;S
5312;1061;RJ;14.957.137,60;S
5312;1065;RJ;6.512.123,50;S
5312;1068;RJ;2.742.268,60;S
5312;1130;PR;224.160,90;S
5312;1162;PR;1.329.784,00;S
5312;1428;SP;90.756,10;S
5312;1433;SP;1.152.558,40;S
5312;1528;SP;560.790,20;S
5312;1535;SP;1.218.406,40;S
5312;1537;SP;36.017,00;S
5312;1597;RJ;66.445,90;S
5321;118;SP;1.473.863,60;S
5321;141;SP;118.100,30;S
5321;167;RJ;12.745,10;S
5321;171;SP;15.369.676,50;S
5321;195;SP;106.391,40;S
5321;351;SP;177.495,40;S
5321;748;SP;6.232.711,20;S
5321;929;SP;56.304,60;S
5321;977;SP;28.362.813,00;S
5321;982;SP;39.176.132,00;S
5321;984;SP;2.983.079,50;S
5321;990;SP;1.041.764,20;S
5321;993;SP;16.361.020,10;S
5321;1061;MG;17.775.323,50;S
5321;1065;MG;6.356.400,30;S
5321;1369;SP;987.024,70;S
5321;1381;SP;5.294.107,20;S
5321;1390;SP;3.896.883,30;S
5321;1391;SP;495.646,10;S
5321;1392;SP;1.476.269,10;S
5355;114;RJ;55.459,80;S
5355;520;SP;843.592,90;S
5355;531;SP;81.813.926,20;S
5355;542;SP;5.149.516,50;S
5355;553;SP;24.608.615,60;S
5355;1381;SP;55.702,80;S
5436;745;SP;80.867,40;S
5436;776;SP;1.789.390,10;S
5444;171;SP;25.005,60;S
5444;982;SP;331.040,40;S
5444;993;SP;621.210,10;S
5444;1329;SP;16.298,00;S
5444;1377;SP;50.933,00;S
5444;1381;SP;1.056.026,10;S
5444;1387;SP;140.804,80;S
5444;1390;SP;207.965,50;S
5444;1391;SP;3.301.016,00;S
5495;114;SP;708.594,40;S
5495;115;SP;9.057.095,20;S
5495;116;MG;97.266,30;S
5495;118;SP;1.212.933,90;S
5495;141;SP;897.592,20;S
5495;167;SP;9.386.781,70;S
5495;171;SP;13.527.775,90;S
5495;195;SP;96.085.180,00;S
5495;196;SP;36.536.730,90;S
5495;310;SP;3.886.274,40;S
5495;351;SP;16.479.628,00;S
5495;378;SP;2.251.569,10;S
5495;520;MG;266.755,80;S
5495;531;MG;11.185.223,00;S
5495;542;MG;1.366.913,40;S
5495;553;SP;3.406.251,40;S
5495;621;MG;2.428.878,30;S
5495;622;SP;1.277.380,80;S
5495;654;MG;155.797,50;S
5495;775;SP;270.541,20;S
5495;776;SP;62.283,50;S
5495;929;SP;907.508,80;S
5495;977;SP;10.941.600,10;S
5495;980;SP;764.916,00;S
5495;982;SP;4.289.269,50;S
5495;984;RJ;12.269,90;S
5495;990;SP;425.778,10;S
5495;993;SP;13.970.636,00;S
5495;1061;SP;402.236,90;S
5495;1130;SP;70.871,60;S
5495;1162;SP;468.052,70;S
5495;1369;SP;873.987,00;S
5495;1377;SP;4.852.686,00;S
5495;1390;PR;539.420,80;S
5495;1601;SP;594.612,80;S
5495;1602;SP;1.476.097,10;S
5495;1734;SP;36.581,50;S
5495;2293;SC;122.920,40;S
5631;114;SP;4.708.890,20;S
5631;118;SP;8.813.451,20;S
5631;167;SP;297.190,90;S
5631;171;DF;73.055,00;S
5631;351;SP;414.577,70;S
5631;520;RJ;48.838,60;S
5631;531;SP;5.173.709,50;S
5631;542;SP;641.748,90;S
5631;553;SP;895.609,40;S
5631;929;SP;1.302.573,60;S
5631;977;DF;91.282.041,20;S
5631;982;SP;207.492,20;S
5631;984;SP;1.472.888,60;S
5631;987;MG;31.889,50;S
5631;993;SP;20.088.465,10;S
5631;1061;SP;28.761.576,40;S
5631;1065;SP;11.132.305,60;S
5631;1068;DF;7.442.890,10;S
5631;1198;GO;166.993,40;S
5631;1381;SP;124.588,60;S
5631;1601;SP;267.548,40;S
5665;929;SP;196.923,50;S
5665;977;DF;218.229,00;S
5665;980;SP;82.461,40;S
5665;982;SP;2.669.037,00;S
5665;984;SP;120.737,70;S
5665;993;DF;34.651.275,60;S
5665;1369;SP;20.020,80;S
5665;1381;SP;499.986,90;S
5665;1391;SP;4.402.192,60;S
5690;114;RJ;63.516,70;S
5690;118;RJ;2.226.163,60;S
5690;141;RJ;92.535,50;S
5690;171;PE;47.630,80;S
5690;313;PE;17.500,00;S
5690;351;RJ;84.264,10;S
5690;378;RJ;598.341,20;S
5690;775;PE;17.859,80;S
5690;993;RJ;25.390,40;S
5690;1061;RJ;5.536.921,60;S
5690;1065;RJ;1.718.405,90;S
5690;1068;RJ;314.801,30;S
5690;1101;RJ;286.865,90;S
5690;1162;RJ;16.897,50;S
5690;1391;PE;111.479,70;S
5690;1528;RJ;23.422,20;S
5690;1535;RJ;369.098,10;S
5690;1537;RJ;38.977,10;S
5720;114;SP;3.770.907,20;S
5720;116;SP;2.080.058,00;S
5720;118;SP;8.020.333,90;S
5720;141;SP;448.743,80;S
5720;167;SP;1.017.899,40;S
5720;171;SP;1.525.829,10;S
5720;196;SC;11.759.393,20;S
5720;234;RJ;10.310.387,20;S
5720;272;RJ;19.433.115,80;S
5720;310;RS;78.395,60;S
5720;351;SP;2.179.914,00;S
5720;378;ES;203.600,00;S
5720;520;SP;418.699,00;S
5720;531;SP;38.675.941,50;S
5720;553;SP;11.690.068,60;S
5720;621;SP;3.107.530,00;S
5720;622;SP;2.523.903,30;S
5720;628;SP;7.485.875,80;S
5720;632;SP;51.057,20;S
5720;638;MG;1.200.010,00;S
5720;652;ES;135.886,10;S
5720;654;SP;1.903.953,70;S
5720;655;SP;1.266.446,20;S
5720;656;AM;69.755,90;S
5720;746;SP;42.016,00;S
5720;775;ES;164.036,90;S
5720;776;SP;100.490,10;S
5720;977;PR;494.108,00;S
5720;981;RJ;93.668,30;S
5720;982;DF;2.111.805,70;S
5720;990;RJ;29.473,00;S
5720;993;SP;2.968.229,80;S
5720;1101;MT;855.458,60;S
5720;1102;GO;17.727,00;S
5720;1130;SP;1.131.279,60;S
5720;1162;PR;1.196.232,80;S
5720;1369;SP;790.864,60;S
5720;1377;RS;1.177.702,90;S
5720;1381;SP;195.543,80;S
5720;1384;SP;15.300,20;S
5720;1391;SP;388.188,70;S
5720;1433;SP;70.500,00;S
5720;1734;RJ;649.232,20;S
5819;114;DF;35.162,20;S
5819;171;MG;1.853.231,50;S
5819;351;BA;4.127.170,80;S
5819;622;RJ;16.417.448,40;S
5819;623;ES;106.357,50;S
5819;628;SP;81.367,30;S
5819;775;MG;23.776.027,40;S
5819;776;SP;155.056,50;S
5819;929;DF;307.205,10;S
5819;977;DF;5.635.706,30;S
5819;982;DF;869.974,80;S
5819;993;DF;2.500.253,20;S
5819;1061;DF;332.999,00;S
5819;1065;DF;155.503,90;S
5819;1369;SP;1.119.327,20;S
5843;520;SP;19.604,30;S
5843;524;SP;380.829,20;S
5843;531;SP;769.697,80;S
5843;542;SP;879.640,30;S
5843;553;SP;1.298.125,90;S
5843;1130;GO;113.790,60;S
5843;1162;RS;1.144.452,70;S
5843;1377;SP;382.924,40;S
5886;112;SP;11.855,90;S
5886;114;SP;14.931.940,00;S
5886;116;SP;1.714.062,70;S
5886;118;SP;17.235.356,60;S
5886;141;SP;349.425,80;S
5886;167;SP;127.430,80;S
5886;171;SP;5.741.830,40;S
5886;310;DF;41.202,20;S
5886;313;PI;21.617,80;S
5886;351;SP;1.064.486,40;S
5886;378;MG;49.401,30;S
5886;520;SP;4.252.031,30;S
5886;525;SP;61.932,50;S
5886;531;SP;216.204.125,10;S
5886;542;SP;10.167.926,60;S
5886;553;SP;49.981.801,90;S
5886;621;SP;1.869.100,20;S
5886;622;SP;421.201,50;S
5886;628;SP;1.468.652,90;S
5886;632;RS;60.994,40;S
5886;644;RS;269.499,50;S
5886;652;SP;145.038,60;S
5886;654;SP;3.117.559,50;S
5886;655;SP;2.482.790,10;S
5886;746;SP;12.017.171,00;S
5886;775;SP;527.546,20;S
5886;776;MS;106.935,70;S
5886;929;SP;627.282,40;S
5886;977;SP;3.703.584,80;S
5886;982;SP;2.973.782,80;S
5886;987;SP;100.525,70;S
5886;990;SP;1.053.697,00;S
5886;993;SP;7.687.575,50;S
5886;1101;SP;274.355,00;S
5886;1107;SP;283.543,70;S
5886;1130;SP;64.978,80;S
5886;1162;GO;27.599,30;S
5886;1329;SP;361.720,30;S
5886;1369;RJ;232.762,90;S
5886;1377;SP;2.864.657,20;S
5886;1381;SP;2.372.483,00;S
5886;1384;SP;24.273,60;S
5886;1390;SP;2.458.914,30;S
5886;1391;SP;7.250.826,50;S
5886;2293;SC;240.545,80;S
5908;114;RS;140.673,40;S
5908;167;SP;784.819,20;S
5908;196;RJ;1.121.916,90;S
5908;351;SP;416.073,40;S
5908;520;SP;72.040,30;S
5908;531;RS;2.036.779,30;S
5908;542;RJ;22.014,90;S
5908;553;SP;5.093.086,20;S
5908;929;SP;213.775,90;S
5908;977;SP;487.144,90;S
5908;982;SP;2.024.755,80;S
5908;993;SP;12.609.163,80;S
5908;1369;SP;2.260.713,60;S
5908;1377;SP;122.331,10;S
5941;114;SP;85.351,10;S
5941;118;SP;309.256,30;S
5941;171;SP;1.000.110,70;S
5941;195;SP;770.202,80;S
5941;351;SP;30.597,20;S
5941;378;SP;143.611,00;S
5941;531;SP;2.179.365,40;S
5941;621;SP;681.315,80;S
5941;622;SP;170.232,50;S
5941;654;SP;124.026,00;S
5941;655;SP;69.846,30;S
5941;748;SP;1.032.000,00;S
5941;969;SP;10.758.903,60;S
5941;969;RJ;325.357,20;S
5941;977;ES;903.701,40;S
5941;982;ES;353.426,40;S
5941;990;SP;581.913,90;S
5941;993;SP;1.575.852,30;S
5941;1164;SP;140.844,60;S
5941;1369;PR;3.378.564,00;S
5941;1377;RS;1.645.458,20;S
5941;1390;SP;236.833,30;S
5941;1602;RS;435.052,20;S
5991;118;SC;131.766,40;S
5991;141;SE;6.665.335,30;S
5991;167;MS;1.153.900,00;S
5991;196;SE;27.000.071,90;S
5991;310;PA;79.689,90;S
5991;351;RR;1.428.041,20;S
5991;378;RJ;123.106,00;S
5991;621;PR;874.648,10;S
5991;622;GO;249.697,30;S
5991;632;SC;47.833,00;S
5991;638;MA;1.351.490,40;S
5991;652;SP;75.514,80;S
5991;654;SP;348.385,40;S
5991;655;SP;337.365,70;S
5991;656;PA;49.677,40;S
5991;711;PR;49.108,80;S
5991;745;DF;332.400,00;S
5991;748;RJ;101.638.364,60;S
5991;775;SP;51.484.861,90;S
5991;776;PB;292.729,10;S
5991;1101;PR;2.089.739,60;S
5991;1102;TO;32.719,90;S
5991;1103;MG;39.928,70;S
5991;1104;MS;27.750,10;S
5991;1107;MS;500.000,00;S
5991;1130;GO;301.757,00;S
5991;1162;GO;126.244,80;S
5991;1164;MG;16.930,70;S
5991;1417;MA;104.302,50;S
5991;1428;CE;18.179,80;S
5991;1433;RN;97.058,80;S
5991;1528;BA;11.142,00;S
5991;1535;SP;330.424,50;S
5991;1537;PR;384.444,80;S
5991;1597;RJ;208.095,80;S
6017;929;PR;77.057,20;S
6017;977;PR;126.494,00;S
6017;980;RJ;321.854,90;S
6017;982;PR;270.101,60;S
6017;984;PR;16.848,90;S
6017;993;PR;512.088,50;S
6017;1391;PR;16.730,20;S
6033;992;RJ;19.930,20;S
6033;994;SP;167.568,60;S
6033;1381;SP;31.063,00;S
6033;1383;SP;177.491,90;S
6033;1391;SP;745.973,20;S
6033;1392;SP;17.801.672,10;S
6084;977;RS;16.538,60;S
6084;982;RS;532.633,20;S
6084;990;RS;34.997,60;S
6084;993;RS;870.428,20;S
6106;171;PR;337.370,90;S
6106;977;SP;34.970,80;S
6106;982;PR;6.713.115,60;S
6106;993;PR;8.472.293,50;S
6106;1329;PR;41.579,70;S
6106;1377;PR;1.713.516,10;S
6106;1381;PR;957.417,00;S
6106;1387;PR;347.629,10;S
6106;1390;PR;333.545,80;S
6106;1391;PR;2.714.045,90;S
6122;118;SP;574.932,90;S
6122;141;PA;15.318,20;S
6122;167;PA;20.779,60;S
6122;196;MT;1.810.135,00;S
6122;310;DF;720.562,50;S
6122;313;RJ;95.210,00;S
6122;351;MG;149.219,40;S
6122;378;PR;264.575,60;S
6122;746;SP;171.249,50;S
6122;775;SP;2.005.957,10;S
6122;776;BA;999.901,00;S
6157;994;SP;419.961,20;S
6157;1392;GO;358.367,70;S
6173;977;SC;12.993,10;S
6173;982;SC;76.900,30;S
6173;993;RS;53.077,60;S
6181;520;SP;383.307,20;S
6181;531;SP;15.694.999,50;S
6181;542;SP;3.044.356,00;S
6181;553;SP;4.732.753,50;S
6181;929;SP;58.728,90;S
6190;114;SP;3.303.250,00;S
6190;115;GO;417.648,20;S
6190;116;SP;2.322.045,50;S
6190;118;SP;4.283.710,30;S
6190;141;SP;209.332,10;S
6190;167;SP;688.762,90;S
6190;171;SP;3.571.011,00;S
6190;173;SP;314.633,80;S
6190;195;TO;846.667,90;S
6190;196;SP;3.502.391,20;S
6190;234;ES;85.995,00;S
6190;310;RR;261.941,80;S
6190;313;MG;101.395,30;S
6190;327;AM;125.288,40;S
6190;351;MG;3.534.869,80;S
6190;378;SP;58.140,10;S
6190;433;PE;184.849,00;S
6190;520;SP;948.865,10;S
6190;526;SP;46.170,80;S
6190;531;SP;60.346.373,70;S
6190;542;SP;1.068.341,70;S
6190;553;SP;18.236.200,30;S
6190;621;SP;1.749.337,60;S
6190;622;SP;983.976,00;S
6190;628;SP;38.001,50;S
6190;632;RS;293.731,50;S
6190;652;SP;148.531,40;S
6190;654;SP;2.028.927,30;S
6190;655;SP;834.374,60;S
6190;656;RO;98.657,50;S
6190;658;SP;58.478,20;S
6190;746;SP;66.577,40;S
6190;775;GO;440.525,90;S
6190;776;RS;144.000,00;S
6190;929;SP;308.301,30;S
6190;977;SP;4.623.805,00;S
6190;980;SP;379.037,60;S
6190;982;SP;5.465.232,60;S
6190;984;SP;29.729,00;S
6190;987;MG;361.604,10;S
6190;990;SP;229.802,30;S
6190;993;SP;5.889.071,10;S
6190;1061;SP;1.043.374,60;S
6190;1065;SP;408.986,50;S
6190;1101;RO;153.442,00;S
6190;1102;GO;92.572,50;S
6190;1130;SP;372.395,60;S
6190;1162;PR;392.516,00;S
6190;1369;PR;29.150,70;S
6190;1377;SP;94.595,80;S
6190;1391;PA;14.001,60;S
6190;1417;MG;807.511,50;S
6190;1433;SP;118.354,60;S
6190;1528;PA;239.705,90;S
6190;1535;SP;124.025,30;S
6190;1537;PR;45.632,30;S
6190;1597;SP;49.079,40;S
6190;1601;SP;497.793,80;S
6190;1602;SP;1.038.888,90;S
6190;1734;BA;605.719,20;S
6211;114;SP;14.549.521,20;S
6211;118;SP;1.490.801,50;S
6211;141;MG;66.134,70;S
6211;167;SP;62.196,20;S
6211;171;SP;1.649.361,00;S
6211;196;DF;22.890.526,20;S
6211;351;SP;54.388,30;S
6211;621;MG;115.967,80;S
6211;622;SP;71.106,00;S
6211;746;RJ;14.239,10;S
6211;748;SP;3.345.298,50;S
6211;1102;RS;1.708.038,50;S
6211;1433;RJ;264.000,80;S
6211;1528;ES;82.304,00;S
6211;1535;MT;107.377,90;S
6220;929;SP;92.355,20;S
6220;977;PR;1.269.508,00;S
6220;982;RS;5.489.261,10;S
6220;984;ES;28.214,30;S
6220;990;SP;24.834,70;S
6220;993;SP;3.986.305,60;S
6220;994;SP;1.013.057,90;S
6220;1329;SP;17.437,80;S
6220;1369;RJ;1.608.124,80;S
6220;1381;SP;213.626,80;S
6220;1384;MG;31.369,70;S
6220;1391;SP;975.777,60;S
6220;1392;RJ;4.762.330,00;S
6238;114;RS;4.682.790,50;S
6238;115;RJ;1.233.381,70;S
6238;116;SP;1.385.826,90;S
6238;118;SP;3.346.376,60;S
6238;141;SP;216.110,00;S
6238;167;SP;586.295,60;S
6238;171;MG;2.304.650,00;S
6238;195;RJ;5.476.917,40;S
6238;196;SP;31.432.280,20;S
6238;274;RJ;6.302.986,60;S
6238;310;DF;12.575,50;S
6238;313;SC;12.580,70;S
6238;351;SP;755.356,90;S
6238;378;SP;356.095,50;S
6238;520;SP;490.843,90;S
6238;524;SP;67.446,00;S
6238;525;SP;37.327,10;S
6238;531;SP;59.884.101,60;S
6238;542;SP;10.380.648,40;S
6238;553;SP;33.596.901,50;S
6238;621;SP;3.993.574,20;S
6238;622;SP;339.134,10;S
6238;632;SP;309.403,00;S
6238;654;SP;8.099.517,80;S
6238;655;SP;3.093.978,00;S
6238;656;SP;16.149,50;S
6238;746;SP;178.094,90;S
6238;748;SP;12.499.328,00;S
6238;775;SP;3.004.296,50;S
6238;776;PI;132.403,20;S
6238;929;ES;19.126,10;S
6238;977;SP;18.913.140,60;S
6238;980;SP;609.179,00;S
6238;982;RJ;2.431.108,40;S
6238;993;SP;2.885.711,20;S
6238;1061;SE;143.338,70;S
6238;1065;SE;44.528,20;S
6238;1101;RS;6.196.557,30;S
6238;1103;SP;512.881,30;S
6238;1107;SP;63.344,00;S
6238;1130;SP;14.250.294,70;S
6238;1162;MS;100.084,60;S
6238;1198;PR;125.156,90;S
6238;1329;SP;33.000,90;S
6238;1369;SP;1.093.668,80;S
6238;1377;SP;4.247.709,00;S
6238;1381;RS;59.784,20;S
6238;1384;RS;34.193,90;S
6238;1390;SP;4.114.637,80;S
6238;1417;SP;69.659,10;S
6238;1433;RJ;946.681,60;S
6238;1528;RJ;14.393.475,60;S
6238;1535;RJ;9.674.864,00;S
6238;1537;RJ;4.672.056,80;S
6238;1574;RJ;10.801.372,30;S
6238;1597;RJ;297.203,00;S
6238;1601;SP;7.682.034,80;S
6238;1602;SP;6.196.921,30;S
6301;977;RS;6.509.338,80;S
6301;982;RS;654.234,70;S
6301;993;RS;1.652.658,30;S
6301;1392;RS;7.415.688,90;S
6335;749;RJ;903.421,70;S
6351;929;MG;43.984,90;S
6351;977;SP;9.339.297,80;S
6351;980;PR;22.521,90;S
6351;982;SP;11.356.064,60;S
6351;984;SP;1.267.395,90;S
6351;990;SP;1.267.167,80;S
6351;993;SP;17.842.204,60;S
6351;994;SP;124.633,30;S
6351;1329;SP;375.143,00;S
6351;1377;MG;1.929.101,50;S
6351;1381;SP;73.190,40;S
6351;1383;SP;367.140,20;S
6351;1384;SP;130.987,90;S
6351;1390;SP;444.311,40;S
6351;1391;SP;1.313.225,20;S
6351;1392;RJ;3.682.346,80;S
6351;1601;SP;797.354,20;S
6467;112;SP;19.530,40;S
6467;114;SP;605.778,10;S
6467;118;SP;582.667,70;S
6467;141;SP;24.892,60;S
6467;351;MG;27.621,00;S
6467;520;SP;124.028,90;S
6467;531;SP;6.684.518,70;S
6467;542;SP;177.815,20;S
6467;553;SP;1.163.085,80;S
6513;114;SP;4.240.235,30;S
6513;115;MG;315.605,40;S
6513;116;SP;281.714,90;S
6513;118;SP;3.254.793,20;S
6513;141;SP;285.165,50;S
6513;167;SP;1.592.013,40;S
6513;171;SP;4.713.979,70;S
6513;173;SP;52.418,60;S
6513;196;SP;20.551.405,60;S
6513;234;BA;127.655,50;S
6513;310;RJ;2.933.746,50;S
6513;313;SP;2.432.927,10;S
6513;327;RS;443.819,00;S
6513;351;MG;9.236.852,60;S
6513;378;SP;2.056.806,10;S
6513;621;SP;2.181.508,10;S
6513;622;SP;3.986.196,90;S
6513;632;PR;238.866,00;S
6513;638;MG;5.899.047,80;S
6513;652;SP;465.634,10;S
6513;654;SP;3.331.854,20;S
6513;655;SP;2.644.985,10;S
6513;656;RS;66.564,20;S
6513;711;SP;405.331,40;S
6513;746;PA;83.652,50;S
6513;748;AM;13.500.000,00;S
6513;749;SP;8.292.328,80;S
6513;775;RJ;2.938.163,30;S
6513;776;RS;459.216,40;S
6513;929;PR;189.970,70;S
6513;969;SP;752.509,80;S
6513;977;MG;1.172.011,60;S
6513;982;SP;12.875.414,80;S
6513;984;SP;68.424,70;S
6513;987;SP;1.107.131,00;S
6513;990;SP;4.641.999,20;S
6513;993;SP;3.891.105,00;S
6513;1130;MT;117.475,00;S
6513;1369;SP;196.293,40;S
6513;1417;RJ;6.274.507,30;S
6513;1433;RJ;244.166,80;S
6513;1528;MG;110.003,40;S
6513;1535;RJ;241.557,90;S
6513;1537;SP;97.604,20;S
6513;1597;RJ;16.671,90;S
6513;1601;MG;2.320.097,70;S
6513;1602;MG;682.786,20;S
6513;1734;SP;54.085,60;S
6530;171;SP;57.176,30;S
6530;195;SP;10.984.312,40;S
6530;524;AM;119.676,80;S
6530;1377;RS;680.864,00;S
6548;929;SP;18.436,10;S
6548;977;SP;26.419.698,10;S
6548;982;SP;972.714,50;S
6548;987;SP;26.404,40;S
6548;993;SP;1.420.794,50;S
6548;1329;SP;1.147.866,30;S
6548;1377;SP;3.611.975,90;S
6548;1387;SP;125.544,90;S
6548;1390;SP;103.959,90;S
6548;1601;RJ;20.277,50;S
6564;114;SP;17.173.236,50;S
6564;118;SP;1.982.654,40;S
6564;141;SP;294.638,20;S
6564;171;SP;8.526.996,70;S
6564;351;SP;171.848,90;S
6564;748;SP;2.138.761,30;S
6564;1061;SP;6.489.416,40;S
6564;1065;SP;3.154.841,80;S
6572;114;PR;2.567.972,70;S
6572;116;PR;46.705,30;S
6572;118;PR;380.244,00;S
6572;141;RS;15.238,10;S
6572;171;RJ;100.202,90;S
6572;313;PR;54.271,40;S
6572;351;RS;129.911,60;S
6572;520;PR;1.562.111,40;S
6572;525;RS;252.438,50;S
6572;531;PR;34.933.793,40;S
6572;542;PR;168.772,60;S
6572;553;PR;12.133.442,90;S
6572;621;RS;310.911,80;S
6572;622;SC;59.131,40;S
6572;628;SP;45.689,40;S
6572;632;PR;203.202,60;S
6572;644;PR;561.238,20;S
6572;654;PR;226.618,90;S
6572;655;PR;101.809,30;S
6572;982;RJ;303.389,00;S
6572;993;RJ;225.078,70;S
6572;1061;RS;150.904,50;S
6572;1065;RS;65.215,60;S
6572;1130;MT;1.128.236,10;S
6572;1162;RS;313.751,20;S
6602;114;SP;384.097,40;S
6602;118;SP;1.894.081,20;S
6602;141;SP;109.484,10;S
6602;167;PR;35.506,30;S
6602;171;SP;45.463,80;S
6602;196;SP;2.832.469,30;S
6602;351;SP;962.633,60;S
6602;520;SP;161.128,10;S
6602;531;SP;5.203.683,00;S
6602;542;SP;1.609.172,60;S
6602;553;SP;1.591.380,50;S
6602;621;SP;815.716,10;S
6602;622;SP;459.829,80;S
6602;654;MG;463.132,30;S
6602;655;MG;52.707,40;S
6602;656;RJ;102.423,90;S
6602;746;SP;41.248,40;S
6602;775;DF;8.089.446,40;S
6602;776;MT;32.010,20;S
6602;993;SP;490.662,90;S
6602;1734;SP;12.767.000,50;S
6653;171;RJ;20.095,60;S
6653;195;SC;577.205,60;S
6653;542;MG;21.642,90;S
6653;553;SP;58.502,50;S
6653;746;SP;385.783,20;S
6653;775;SP;21.652.459,60;S
6653;776;SP;326.676,00;S
6653;977;SP;7.086.021,20;S
6653;982;SP;1.764.106,00;S
6653;993;SP;764.890,80;S
6653;1061;SP;1.230.292,70;S
6653;1065;SP;429.341,70;S
6653;1068;DF;6.424.540,10;S
6653;1101;SP;11.374.656,90;S
6653;1391;AC;15.216,30;S
6653;1601;SP;382.709,90;S
6688;993;SP;167.208,90;S
6696;118;RJ;1.180.078,70;S
6696;141;RJ;122.939,30;S
6696;167;RJ;641.468,10;S
6696;171;RJ;522.366,10;S
6696;196;RJ;5.101.671,30;S
6696;313;SP;55.358,80;S
6696;327;SP;131.229,40;S
6696;351;RJ;780.408,10;S
6696;378;RJ;440.189,80;S
6696;621;RJ;709.623,50;S
6696;622;RJ;187.172,60;S
6696;632;RJ;404.713,10;S
6696;654;RJ;2.513.044,70;S
6696;655;RJ;1.081.146,40;S
6696;1417;SP;121.767,80;S
6696;1433;RJ;3.546.483,00;S
6696;1528;SP;57.707,60;S
6751;114;SP;336.589,80;S
6751;118;SP;391.501,00;S
6751;141;SP;16.853,60;S
6751;167;RJ;13.139,50;S
6751;171;SP;28.493.612,60;S
6751;195;SP;2.277.393,20;S
6751;196;SP;767.439,00;S
6751;310;SP;10.134,00;S
6751;313;GO;103.464,90;S
6751;327;SP;105.177,50;S
6751;351;SP;599.928,20;S
6751;520;SP;171.073,50;S
6751;531;SP;1.858.436,80;S
6751;542;SP;188.752,90;S
6751;553;RS;757.157,80;S
6751;621;SP;2.725.274,80;S
6751;622;SP;709.207,50;S
6751;628;CE;14.299,80;S
6751;632;RS;33.302,60;S
6751;644;SC;95.268,90;S
6751;654;SP;3.968.357,40;S
6751;655;SP;1.774.795,80;S
6751;656;AM;91.257,00;S
6751;977;SP;3.402.865,60;S
6751;982;SP;605.989,20;S
6751;993;SP;688.045,70;S
6751;1329;SP;11.560,40;S
6751;1417;RJ;739.932,30;S
6785;114;SP;19.621,10;S
6785;118;SP;16.179,70;S
6785;929;SP;357.590,80;S
6785;977;DF;13.260.370,40;S
6785;982;SP;8.051.913,50;S
6785;984;SP;3.412.524,50;S
6785;990;SP;57.782,20;S
6785;993;SP;27.706.390,50;S
6785;1061;SP;3.979.563,40;S
6785;1065;SP;1.115.425,40;S
6785;1068;SP;100.640,70;S
6785;1101;MG;443.860,40;S
6785;1102;MS;35.396.297,40;S
6785;1107;SP;53.011,10;S
6785;1130;PR;138.000,60;S
6785;1162;MG;4.939.907,40;S
6785;1198;SP;5.955.721,70;S
6785;1329;SP;149.121,80;S
6785;1381;SP;205.759,90;S
6785;1384;SP;223.189,40;S
6785;1390;SP;155.383,70;S
6785;1391;SP;1.869.327,10;S
6785;1601;SP;14.906,70;S
6793;118;MT;26.951,00;S
6793;171;MS;46.040,00;S
6793;520;RS;79.104,80;S
6793;531;PE;735.051,00;S
6793;542;PE;534.013,20;S
6793;553;PE;705.581,60;S
6793;628;RO;253.396,60;S
6793;982;RO;104.593,90;S
6793;990;SP;14.346,30;S
6793;993;RS;773.182,30;S
6831;929;RJ;6.042.558,00;S
6831;982;RJ;632.421,20;S
6831;987;RJ;38.298,90;S
6831;993;RJ;3.080.303,70;S
6831;1329;RJ;10.015,20;S
6866;929;SP;342.308,80;S
6866;969;SP;1.182.546,00;S
6866;977;SP;90.509.101,80;S
6866;980;SP;282.258,30;S
6866;982;SP;40.356.759,70;S
6866;990;SP;5.936.071,30;S
6866;993;SP;47.477.410,90;S
6866;994;CE;118.521.220,60;S
6866;1377;SP;5.453.173,90;S
6866;1381;SP;2.651.662,90;S
6866;1383;SP;89.208.245,50;S
6866;1384;SP;457.441,40;S
6866;1387;SP;24.343,50;S
6866;1390;SP;4.016.459,10;S
6866;1391;SP;6.272.635,50;S
6866;1392;SP;1.044.970.015,80;S
6866;1601;SP;584.880,60;S
6912;982;MG;153.381,00;S
6912;993;MG;122.947,40;S
6921;114;PR;15.918,60;S
6921;118;PR;19.562,30;S
6921;310;SP;42.140,10;S
6921;623;SP;814.332,60;S
6921;628;SP;2.863.216,60;S
6921;746;RS;47.344,80;S
6921;775;RS;12.032,90;S
6921;977;RS;213.860,50;S
6921;982;RS;201.508,60;S
6921;1101;SP;466.002,00;S
6921;1369;RJ;38.322,20;S
6921;1377;SP;791.048,50;S
6947;929;SP;413.389,80;S
6947;969;SP;17.196,80;S
6947;977;RS;308.516,20;S
6947;982;SP;2.429.384,40;S
6947;987;PR;221.055,30;S
6947;990;SP;8.755.446,10;S
6947;993;SP;6.970.978,90;S
6947;994;SP;238.893,90;S
6947;1061;PR;12.645,20;S
6947;1392;MG;121.792,50;S
6998;748;SP;3.259.367,70;S
6998;749;SP;447.115,80;S
6998;775;PE;640.267,60;S
6998;776;ES;260.971,90;S
8141;929;SP;1.182.643,50;S
8141;977;SP;88.308.269,00;S
8141;982;SP;335.856,30;S
8141;984;SP;1.835.773,40;S
8141;987;SP;16.811,10;S
8141;993;SP;41.960.050,00;S
8141;994;SP;6.921.572,70;S
8141;1198;DF;881.311,90;S
8141;1381;SP;1.817.762,20;S
8141;1390;SP;61.474,10;S
8141;1391;SP;2.832.623,60;S
8141;1392;SP;259.880.994,00;S
8141;1601;SP;170.179,00;S
8737;118;SP;151.301,90;S
8737;141;SP;754.204,70;S
8737;167;MA;517.580,00;S
8737;171;SP;744.675,50;S
8737;195;AM;1.294.260,60;S
8737;196;GO;2.291.000,90;S
8737;234;SP;400.143,00;S
8737;310;SP;4.051.779,30;S
8737;313;RJ;1.333.662,40;S
8737;327;SP;1.352.583,40;S
8737;351;SP;3.251.689,00;S
8737;378;SP;1.850.374,20;S
8737;621;RJ;658.660,50;S
8737;622;MT;383.314,90;S
8737;654;RJ;506.815,00;S
8737;655;MG;192.432,80;S
8737;656;RJ;206.250,00;S
8737;711;SP;48.000,00;S
8737;748;RJ;846.765,00;S
8737;749;SC;488.865,00;S
8737;775;DF;699.138,10;S
8737;969;SP;183.757,60;S
8737;982;SP;25.985,60;S
8737;990;MA;21.049,20;S
8737;993;SP;614.176,90;S
8737;1130;PR;800.000,00;S
8737;1369;SP;3.387.766,30;S
8737;1417;AM;682.728,70;S
8737;1433;PA;83.237,80;S
8737;1537;RS;894.520,70;S
8737;1734;SP;400.864,00;S
9938;977;SP;4.558.868,60;S
9938;982;SP;1.290.360,00;S
9938;993;SP;1.463.558,00;S
9938;994;SP;54.644,20;S
9938;1198;MA;155.916,30;S
9938;1392;SP;34.499.163,40;S
;;;;
;;;;
;;;;
;;;;
;;;;
;;;;
;;;;
;;;;
;;;;
;;;;
;;;;
;;;;
;;;;
;;;;
;;;;
;;;;
;;;;
;;;;
;;;;
;;;;
;;;;
;;;;
;;;;
;;;;
;;;;
;;;;
;;;;
;;;;
;;;;
;;;;
;;;;
;;;;
;;;;
;;;;
;;;;
;;;;
;;;;
;;;;
;;;;
;;;;
;;;;
;;;;
;;;;
;;;;
;;;;
;;;;
;;;;
;;;;
;;;;
;;;;
;;;;
;;;;
;;;;
;;;;
;;;;
;;;;
;;;;
;;;;
;;;;
;;;;
;;;;
;;;;
;;;;
;;;;
;;;;
;;;;
;;;;
;;;;
;;;;
;;;;
;;;;
;;;;
;;;;
;;;;
;;;;
;;;;
;;;;
;;;;
;;;;
;;;;
;;;;
;;;;
;;;;
;;;;
;;;;
;;;;
;;;;
;;;;
;;;;
;;;;
;;;;
;;;;
;;;;
;;;;
;;;;
;;;;
;;;;
;;;;
;;;;
;;;;
;;;;
;;;;
;;;;
;;;;
;;;;
;;;;
;;;;
;;;;
;;;;
;;;;
;;;;
;;;;
;;;;
;;;;
;;;;
;;;;
;;;;
;;;;
;;;;
;;;;
;;;;
;;;;
;;;;
;;;;
;;;;
;;;;
;;;;
;;;;
;;;;
;;;;
;;;;
;;;;
;;;;
;;;;
;;;;
;;;;
;;;;
;;;;
;;;;
;;;;
;;;;
;;;;
;;;;
;;;;
;;;;
;;;;
;;;;
;;;;
;;;;
;;;;
;;;;
;;;;
;;;;
;;;;
;;;;
;;;;
;;;;
;;;;
;;;;
;;;;
;;;;
;;;;
;;;;
;;;;
;;;;
;;;;
;;;;
;;;;
;;;;
;;;;
;;;;
;;;;
;;;;
;;;;
;;;;
;;;;
;;;;
;;;;
;;;;
;;;;
;;;;
;;;;
;;;;
;;;;
;;;;
;;;;
;;;;
;;;;
;;;;
;;;;
;;;;
;;;;
;;;;
;;;;
;;;;
;;;;
;;;;
;;;;
;;;;
;;;;
;;;;
;;;;
;;;;
;;;;
;;;;
;;;;
;;;;
;;;;
;;;;
;;;;
;;;;
;;;;
;;;;
;;;;
;;;;
;;;;
;;;;
;;;;
;;;;
;;;;
;;;;
;;;;
;;;;
;;;;
;;;;
;;;;
;;;;
;;;;
;;;;
;;;;
;;;;
;;;;
;;;;
;;;;
;;;;
;;;;
;;;;
;;;;
;;;;
;;;;
;;;;
;;;;
;;;;
;;;;
;;;;
;;;;
;;;;
;;;;
;;;;
;;;;
;;;;
;;;;
;;;;
;;;;
;;;;
;;;;
;;;;
;;;;
;;;;
;;;;
;;;;
;;;;
;;;;
;;;;
;;;;
;;;;
;;;;
;;;;
;;;;
;;;;
;;;;
;;;;
;;;;
;;;;
;;;;
;;;;
;;;;
;;;;
;;;;
;;;;
;;;;
;;;;
;;;;
;;;;
;;;;
;;;;
;;;;
;;;;
;;;;
;;;;
;;;;
;;;;
;;;;
;;;;
;;;;
;;;;
;;;;
;;;;
;;;;
;;;;
;;;;
;;;;
;;;;
;;;;
;;;;
;;;;
;;;;
;;;;
;;;;
;;;;
;;;;
;;;;
;;;;
;;;;
;;;;
;;;;
;;;;
;;;;
;;;;
;;;;
;;;;
;;;;
;;;;
;;;;
;;;;
;;;;
;;;;
;;;;
;;;;
;;;;
;;;;
;;;;
;;;;
;;;;
;;;;
;;;;
;;;;
;;;;
;;;;
;;;;
;;;;
;;;;
;;;;
;;;;
;;;;
;;;;
;;;;
;;;;
;;;;
;;;;
;;;;
;;;;
;;;;
;;;;
;;;;
;;;;
;;;;
;;;;
;;;;
;;;;
;;;;
;;;;
;;;;
;;;;
;;;;
;;;;
;;;;
;;;;
;;;;
;;;;
;;;;
;;;;
;;;;
;;;;
;;;;
;;;;
;;;;
;;;;
;;;;
;;;;
;;;;
;;;;
;;;;
;;;;
;;;;
;;;;
;;;;
;;;;
;;;;
;;;;
;;;;
;;;;
;;;;
;;;;
;;;;
;;;;
;;;;
;;;;
;;;;
;;;;
;;;;
;;;;
;;;;
;;;;
;;;;
;;;;
;;;;
;;;;
;;;;
;;;;
;;;;
;;;;
;;;;
;;;;
;;;;
;;;;
;;;;
;;;;
;;;;
;;;;
;;;;
;;;;
;;;;
;;;;
;;;;
;;;;
;;;;
;;;;
;;;;
;;;;
;;;;
;;;;
;;;;
;;;;
;;;;
;;;;
;;;;
;;;;
;;;;
;;;;
;;;;
;;;;
;;;;
;;;;
;;;;
;;;;
;;;;
;;;;
;;;;
;;;;
;;;;
;;;;
;;;;
;;;;
;;;;
;;;;
;;;;
;;;;
;;;;
;;;;
;;;;
;;;;
;;;;
;;;;
;;;;
;;;;
;;;;
;;;;
;;;;
;;;;
;;;;
;;;;
;;;;
;;;;
;;;;
;;;;
;;;;
;;;;
;;;;
;;;;
;;;;
;;;;
;;;;
;;;;
;;;;
;;;;
;;;;
;;;;
;;;;
;;;;
;;;;
;;;;
;;;;
;;;;
;;;;
;;;;
;;;;
;;;;
;;;;
;;;;
;;;;
;;;;
;;;;
;;;;
;;;;
;;;;
;;;;
;;;;
;;;;
;;;;
;;;;
;;;;
;;;;
;;;;
;;;;
;;;;
;;;;
;;;;
;;;;
;;;;
;;;;
;;;;
;;;;
;;;;
;;;;
;;;;
;;;;
;;;;
;;;;
;;;;
;;;;
;;;;
;;;;
;;;;
;;;;
;;;;
;;;;
;;;;
;;;;
;;;;
;;;;
;;;;
;;;;
;;;;
;;;;
;;;;
;;;;
;;;;
;;;;
;;;;
;;;;
;;;;
;;;;
;;;;
;;;;
;;;;
;;;;
;;;;
;;;;
;;;;
;;;;
;;;;
;;;;
;;;;
;;;;
;;;;
;;;;
;;;;
;;;;
;;;;
;;;;
;;;;
;;;;
;;;;
;;;;
;;;;
;;;;
;;;;
;;;;
;;;;
;;;;
;;;;
;;;;
;;;;
;;;;
;;;;
;;;;
;;;;
;;;;
;;;;
;;;;
;;;;
;;;;
;;;;
;;;;
;;;;
;;;;
;;;;
;;;;
;;;;
;;;;
;;;;
;;;;
;;;;
;;;;
;;;;
;;;;
;;;;
;;;;
;;;;
;;;;
;;;;
;;;;
;;;;
;;;;
;;;;
;;;;
;;;;
;;;;
;;;;
;;;;
;;;;
;;;;
;;;;
;;;;
;;;;
;;;;
;;;;
;;;;
;;;;
;;;;
;;;;
;;;;
;;;;
;;;;
;;;;
;;;;
;;;;
;;;;
;;;;
;;;;
;;;;
;;;;
;;;;
;;;;
;;;;
;;;;
;;;;
;;;;
;;;;
;;;;
;;;;
;;;;
;;;;
;;;;
;;;;
;;;;
;;;;
;;;;
;;;;
;;;;
;;;;
;;;;
;;;;
;;;;
;;;;
;;;;
;;;;
;;;;
;;;;
;;;;
;;;;
;;;;
;;;;
;;;;
;;;;
;;;;
;;;;
;;;;
;;;;
;;;;
;;;;
;;;;
;;;;
;;;;
;;;;
;;;;
;;;;
;;;;
;;;;
;;;;
;;;;
;;;;
;;;;
;;;;
;;;;
;;;;
;;;;
;;;;
;;;;
;;;;
;;;;
;;;;
;;;;
;;;;
;;;;
;;;;
;;;;
;;;;
;;;;
;;;;
;;;;
;;;;
;;;;
;;;;
;;;;
;;;;
;;;;
;;;;
;;;;
;;;;
;;;;
;;;;
;;;;
;;;;
;;;;
;;;;
;;;;
;;;;
;;;;
;;;;
;;;;
;;;;
;;;;
;;;;
;;;;
;;;;
;;;;
;;;;
;;;;
;;;;
;;;;
;;;;
;;;;
;;;;
;;;;
;;;;
;;;;
;;;;
;;;;
;;;;
;;;;
;;;;
;;;;
;;;;
;;;;
;;;;
;;;;
;;;;
;;;;
;;;;
;;;;
;;;;
;;;;
;;;;
;;;;
;;;;
;;;;
;;;;
;;;;
;;;;
;;;;
;;;;
;;;;
;;;;
;;;;
;;;;
;;;;
;;;;
;;;;
;;;;
;;;;
;;;;
;;;;
;;;;
;;;;
;;;;
;;;;
;;;;
;;;;
;;;;
;;;;
;;;;
;;;;
;;;;
;;;;
;;;;
;;;;
;;;;
;;;;
;;;;
;;;;
;;;;
;;;;
;;;;
;;;;
;;;;
;;;;
;;;;
;;;;
;;;;
;;;;
;;;;
;;;;
;;;;
;;;;
;;;;
;;;;
;;;;
;;;;
;;;;
;;;;
;;;;
;;;;
;;;;
;;;;
;;;;
;;;;
;;;;
;;;;
;;;;
;;;;
;;;;
;;;;
;;;;
;;;;
;;;;
;;;;
;;;;
;;;;
;;;;
;;;;
;;;;
;;;;
;;;;
;;;;
;;;;
;;;;
;;;;
;;;;
;;;;
;;;;
;;;;
;;;;
;;;;
;;;;
;;;;
;;;;
;;;;
;;;;
;;;;
;;;;
;;;;
;;;;
;;;;
;;;;
;;;;
;;;;
;;;;
;;;;
;;;;
;;;;
;;;;
;;;;
;;;;
;;;;
;;;;
;;;;
;;;;
;;;;
;;;;
;;;;
;;;;
;;;;
;;;;
;;;;
;;;;
;;;;
;;;;
;;;;
;;;;
;;;;
;;;;
;;;;
;;;;
;;;;
;;;;
;;;;
;;;;
;;;;
;;;;
;;;;
;;;;
;;;;
;;;;
;;;;
;;;;
;;;;
;;;;
;;;;
;;;;
;;;;
;;;;
;;;;
;;;;
;;;;
;;;;
;;;;
;;;;
;;;;
;;;;
;;;;
;;;;
;;;;
;;;;
;;;;
;;;;
;;;;
;;;;
;;;;
;;;;
;;;;
;;;;
;;;;
;;;;
;;;;
;;;;
;;;;
;;;;
;;;;
;;;;
;;;;
;;;;
;;;;
;;;;
;;;;
;;;;
;;;;
;;;;
;;;;
;;;;
;;;;
;;;;
;;;;
;;;;
;;;;
;;;;
;;;;
;;;;
;;;;
;;;;
;;;;
;;;;
;;;;
;;;;
;;;;
;;;;
;;;;
;;;;
;;;;
;;;;
;;;;
;;;;
;;;;
;;;;
;;;;
;;;;
;;;;
;;;;
;;;;
;;;;
;;;;
;;;;
;;;;
;;;;
;;;;
;;;;
;;;;
;;;;
;;;;
;;;;
;;;;
;;;;
;;;;
;;;;
;;;;
;;;;
;;;;
;;;;
;;;;
;;;;
;;;;
;;;;
;;;;
;;;;
;;;;
;;;;
;;;;
;;;;
;;;;
;;;;
;;;;
;;;;
;;;;
;;;;
;;;;
;;;;
;;;;
;;;;
;;;;
;;;;
;;;;
;;;;
;;;;
;;;;
;;;;
;;;;
;;;;
;;;;
;;;;
;;;;
;;;;
;;;;
;;;;
;;;;
;;;;
;;;;
;;;;
;;;;
;;;;
;;;;
;;;;
;;;;
;;;;
;;;;
;;;;
;;;;
;;;;
;;;;
;;;;
;;;;
;;;;
;;;;
;;;;
;;;;
;;;;
;;;;
;;;;
;;;;
;;;;
;;;;
;;;;
;;;;
;;;;
;;;;
;;;;
;;;;
;;;;
;;;;
;;;;
;;;;
;;;;
;;;;
;;;;
;;;;
;;;;
;;;;
;;;;
;;;;
;;;;
;;;;
;;;;
;;;;
;;;;
;;;;
;;;;
;;;;
;;;;
;;;;
;;;;
;;;;
;;;;
;;;;
;;;;
;;;;
;;;;
;;;;
;;;;
;;;;
;;;;
;;;;
;;;;
;;;;
;;;;
;;;;
;;;;
;;;;
;;;;
;;;;
;;;;
;;;;
;;;;
;;;;
;;;;
;;;;
;;;;
;;;;
;;;;
;;;;
;;;;
;;;;
;;;;
;;;;
;;;;
;;;;
;;;;
;;;;
;;;;
;;;;
;;;;
;;;;
;;;;
;;;;
;;;;
;;;;
;;;;
;;;;
;;;;
;;;;
;;;;
;;;;
;;;;
;;;;
;;;;
;;;;
;;;;
;;;;
;;;;
;;;;
;;;;
;;;;
;;;;
;;;;
;;;;
;;;;
;;;;
;;;;
;;;;
;;;;
;;;;
;;;;
;;;;
;;;;
;;;;
;;;;
;;;;
;;;;
;;;;
;;;;
;;;;
;;;;
;;;;
;;;;
;;;;
;;;;
;;;;
;;;;
;;;;
;;;;
;;;;
;;;;
;;;;
;;;;
;;;;
;;;;
;;;;
;;;;
;;;;
;;;;
;;;;
;;;;
;;;;
;;;;
;;;;
;;;;
;;;;
;;;;
;;;;
;;;;
;;;;
;;;;
;;;;
;;;;
;;;;
;;;;
;;;;
;;;;
;;;;
;;;;
;;;;
;;;;
;;;;
;;;;
;;;;
;;;;
;;;;
;;;;
;;;;
;;;;
;;;;
;;;;
;;;;
;;;;
;;;;
;;;;
;;;;
;;;;
;;;;
;;;;
;;;;
;;;;
;;;;
;;;;
;;;;
;;;;
;;;;
;;;;
;;;;
;;;;
;;;;
;;;;
;;;;
;;;;
;;;;
;;;;
;;;;
;;;;
;;;;
;;;;
;;;;
;;;;
;;;;
;;;;
;;;;
;;;;
;;;;
;;;;
;;;;
;;;;
;;;;
;;;;
;;;;
;;;;
;;;;
;;;;
;;;;
;;;;
;;;;
;;;;
;;;;
;;;;
;;;;
;;;;
;;;;
;;;;
;;;;
;;;;
;;;;
;;;;
;;;;
;;;;
;;;;
;;;;
;;;;
;;;;
;;;;
;;;;
;;;;
;;;;
;;;;
;;;;
;;;;
;;;;
;;;;
;;;;
;;;;
;;;;
;;;;
;;;;
;;;;
;;;;
;;;;
;;;;
;;;;
;;;;
;;;;
;;;;
;;;;
;;;;
;;;;
;;;;
;;;;
;;;;
;;;;
;;;;
;;;;
;;;;
;;;;
;;;;
;;;;
;;;;
;;;;
;;;;
;;;;
;;;;
;;;;
;;;;
;;;;
;;;;
;;;;
;;;;
;;;;
;;;;
;;;;
;;;;
;;;;
;;;;
;;;;
;;;;
;;;;
;;;;
;;;;
;;;;
;;;;
;;;;
;;;;
;;;;
;;;;
;;;;
;;;;
;;;;
;;;;
;;;;
;;;;
;;;;
;;;;
;;;;
;;;;
;;;;
;;;;
;;;;
;;;;
;;;;
;;;;
;;;;
;;;;
;;;;
;;;;
;;;;
;;;;
;;;;
;;;;
;;;;
;;;;
;;;;
;;;;
;;;;
;;;;
;;;;
;;;;
;;;;
;;;;
;;;;
;;;;
;;;;
;;;;
;;;;
;;;;
;;;;
;;;;
;;;;
;;;;
;;;;
;;;;
;;;;
;;;;
;;;;
;;;;
;;;;
;;;;
;;;;
;;;;
;;;;
;;;;
;;;;
;;;;
;;;;
;;;;
;;;;
;;;;
;;;;
;;;;
;;;;
;;;;
;;;;
;;;;
;;;;
;;;;
;;;;
;;;;
;;;;
;;;;
;;;;
;;;;
;;;;
;;;;
;;;;
;;;;
;;;;
;;;;
;;;;
;;;;
;;;;
;;;;
;;;;
;;;;
;;;;
;;;;
;;;;
;;;;
;;;;
;;;;
;;;;
;;;;
;;;;
;;;;
;;;;
;;;;
;;;;
;;;;
;;;;
;;;;
;;;;
;;;;
;;;;
;;;;
;;;;
;;;;
;;;;
;;;;
;;;;
;;;;
;;;;
;;;;
;;;;
;;;;
;;;;
;;;;
;;;;
;;;;
;;;;
;;;;
;;;;
;;;;
;;;;
;;;;
;;;;
;;;;
;;;;
;;;;
;;;;
;;;;
;;;;
;;;;
;;;;
;;;;
;;;;
;;;;
;;;;
;;;;
;;;;
;;;;
;;;;
;;;;
;;;;
;;;;
;;;;
;;;;
;;;;
;;;;
;;;;
;;;;
;;;;
;;;;
;;;;
;;;;
;;;;
;;;;
;;;;
;;;;
;;;;
;;;;
;;;;
;;;;
;;;;
;;;;
;;;;
;;;;
;;;;
;;;;
;;;;
;;;;
;;;;
;;;;
;;;;
;;;;
;;;;
;;;;
;;;;
;;;;
;;;;
;;;;
;;;;
;;;;
;;;;
;;;;
;;;;
;;;;
;;;;
;;;;
;;;;
;;;;
;;;;
;;;;
;;;;
;;;;
;;;;
;;;;
;;;;
;;;;
;;;;
;;;;
;;;;
;;;;
;;;;
;;;;
;;;;
;;;;
;;;;
;;;;
;;;;
;;;;
;;;;
;;;;
;;;;
;;;;
;;;;
;;;;
;;;;
;;;;
;;;;
;;;;
;;;;
;;;;
;;;;
;;;;
;;;;
;;;;
;;;;
;;;;
;;;;
;;;;
;;;;
;;;;
;;;;
;;;;
;;;;
;;;;
;;;;
;;;;
;;;;
;;;;
;;;;
;;;;
;;;;
;;;;
;;;;
;;;;
;;;;
;;;;
;;;;
;;;;
;;;;
;;;;
;;;;
;;;;
;;;;
;;;;
;;;;
;;;;
;;;;
;;;;
;;;;
;;;;
;;;;
;;;;
;;;;
;;;;
;;;;
;;;;
;;;;
;;;;
;;;;
;;;;
;;;;
;;;;
;;;;
;;;;
;;;;
;;;;
;;;;
;;;;
;;;;
;;;;
;;;;
;;;;
;;;;
;;;;
;;;;
;;;;
;;;;
;;;;
;;;;
;;;;
;;;;
;;;;
;;;;
;;;;
;;;;
;;;;
;;;;
;;;;
;;;;
;;;;
;;;;
;;;;
;;;;
;;;;
;;;;
;;;;
;;;;
;;;;
;;;;
;;;;
;;;;
;;;;
;;;;
;;;;
;;;;
;;;;
;;;;
;;;;
;;;;
;;;;
;;;;
;;;;
;;;;
;;;;
;;;;
;;;;
;;;;
;;;;
;;;;
;;;;
;;;;
;;;;
;;;;
;;;;
;;;;
;;;;
;;;;
;;;;
;;;;
;;;;
;;;;
;;;;
;;;;
;;;;
;;;;
;;;;
;;;;
;;;;
;;;;
;;;;
;;;;
;;;;
;;;;
;;;;
;;;;
;;;;
;;;;
;;;;
;;;;
;;;;
;;;;
;;;;
;;;;
;;;;
;;;;
;;;;
;;;;
;;;;
;;;;
;;;;
;;;;
;;;;
;;;;
;;;;
;;;;
;;;;
;;;;
;;;;
;;;;
;;;;
;;;;
;;;;
;;;;
;;;;
;;;;
;;;;
;;;;
;;;;
;;;;
;;;;
;;;;
;;;;
;;;;
;;;;
;;;;
;;;;
;;;;
;;;;
;;;;
;;;;
;;;;
;;;;
;;;;
;;;;
;;;;
;;;;
;;;;
;;;;
;;;;
;;;;
;;;;
;;;;
;;;;
;;;;
;;;;
;;;;
;;;;
;;;;
;;;;
;;;;
;;;;
;;;;
;;;;
;;;;
;;;;
;;;;
;;;;
;;;;
;;;;
;;;;
;;;;
;;;;
;;;;
;;;;
;;;;
;;;;
;;;;
;;;;
;;;;
;;;;
;;;;
;;;;
;;;;
;;;;
;;;;
;;;;
;;;;
;;;;
;;;;
;;;;
;;;;
;;;;
;;;;
;;;;
;;;;
;;;;
;;;;
;;;;
;;;;
;;;;
;;;;
;;;;
;;;;
;;;;
;;;;
;;;;
;;;;
;;;;
;;;;
;;;;
;;;;
;;;;
;;;;
;;;;
;;;;
;;;;
;;;;
;;;;
;;;;
;;;;
;;;;
;;;;
;;;;
;;;;
;;;;
;;;;
;;;;
;;;;
;;;;
;;;;
;;;;
;;;;
;;;;
;;;;
;;;;
;;;;
;;;;
;;;;
;;;;
;;;;
;;;;
;;;;
;;;;
;;;;
;;;;
;;;;
;;;;
;;;;
;;;;
;;;;
;;;;
;;;;
;;;;
;;;;
;;;;
;;;;
;;;;
;;;;
;;;;
;;;;
;;;;
;;;;
;;;;
;;;;
;;;;
;;;;
;;;;
;;;;
;;;;
;;;;
;;;;
;;;;
;;;;
;;;;
;;;;
;;;;
;;;;
;;;;
;;;;
;;;;
;;;;
;;;;
;;;;
;;;;
;;;;
;;;;
;;;;
;;;;
;;;;
;;;;
;;;;
;;;;
;;;;
;;;;
;;;;
;;;;
;;;;
;;;;
;;;;
;;;;
;;;;
;;;;
;;;;
;;;;
;;;;
;;;;
;;;;
;;;;
;;;;
;;;;
;;;;
;;;;
;;;;
;;;;
;;;;
;;;;
;;;;
;;;;
;;;;
;;;;
;;;;
;;;;
;;;;
;;;;
;;;;
;;;;
;;;;
;;;;
;;;;
;;;;
;;;;
;;;;
;;;;
;;;;
;;;;
;;;;
;;;;
;;;;
;;;;
;;;;
;;;;
;;;;
;;;;
;;;;
;;;;
;;;;
;;;;
;;;;
;;;;
;;;;
;;;;
;;;;
;;;;
;;;;
;;;;
;;;;
;;;;
;;;;
;;;;
;;;;
;;;;
;;;;
;;;;
;;;;
;;;;
;;;;
;;;;
;;;;
;;;;
;;;;
;;;;
;;;;
;;;;
;;;;
;;;;
;;;;
;;;;
;;;;
;;;;
;;;;
;;;;
;;;;
;;;;
;;;;
;;;;
;;;;
;;;;
;;;;
;;;;
;;;;
;;;;
;;;;
;;;;
;;;;
;;;;
;;;;
;;;;
;;;;
;;;;
;;;;
;;;;
;;;;
;;;;
;;;;
;;;;
;;;;
;;;;
;;;;
;;;;
;;;;
;;;;
;;;;
;;;;
;;;;
;;;;
;;;;
;;;;
;;;;
;;;;
;;;;
;;;;
;;;;
;;;;
;;;;
;;;;
;;;;
;;;;
;;;;
;;;;
;;;;
;;;;
;;;;
;;;;
;;;;
;;;;
;;;;
;;;;
;;;;
;;;;
;;;;
;;;;
;;;;
;;;;
;;;;
;;;;
;;;;
;;;;
;;;;
;;;;
;;;;
;;;;
;;;;
;;;;
;;;;
;;;;
;;;;
;;;;
;;;;
;;;;
;;;;
;;;;
;;;;
;;;;
;;;;
;;;;
;;;;
;;;;
;;;;
;;;;
;;;;
;;;;
;;;;
;;;;
;;;;
;;;;
;;;;
;;;;
;;;;
;;;;
;;;;
;;;;
;;;;
;;;;
;;;;
;;;;
;;;;
;;;;
;;;;
;;;;
;;;;
;;;;
;;;;
;;;;
;;;;
;;;;
;;;;
;;;;
;;;;
;;;;
;;;;
;;;;
;;;;
;;;;
;;;;
;;;;
;;;;
;;;;
;;;;
;;;;
;;;;
;;;;
;;;;
;;;;
;;;;
;;;;
;;;;
;;;;
;;;;
;;;;
;;;;
;;;;
;;;;
;;;;
;;;;
;;;;
;;;;
;;;;
;;;;
;;;;
;;;;
;;;;
;;;;
;;;;
;;;;
;;;;
;;;;
;;;;
;;;;
;;;;
;;;;
;;;;
;;;;
;;;;
;;;;
;;;;
;;;;
;;;;
;;;;
;;;;
;;;;
;;;;
;;;;
;;;;
;;;;
;;;;
;;;;
;;;;
;;;;
;;;;
;;;;
;;;;
;;;;
;;;;
;;;;
;;;;
;;;;
;;;;
;;;;
;;;;
;;;;
;;;;
;;;;
;;;;
;;;;
;;;;
;;;;
;;;;
;;;;
;;;;
;;;;
;;;;
;;;;
;;;;
;;;;
;;;;
;;;;
;;;;
;;;;
;;;;
;;;;
;;;;
;;;;
;;;;
;;;;
;;;;
;;;;
;;;;
;;;;
;;;;
;;;;
;;;;
;;;;
;;;;
;;;;
;;;;
;;;;
;;;;
;;;;
;;;;
;;;;
;;;;
;;;;
;;;;
;;;;
;;;;
;;;;
;;;;
;;;;
;;;;
;;;;
;;;;
;;;;
;;;;
;;;;
;;;;
;;;;
;;;;
;;;;
;;;;
;;;;
;;;;
;;;;
;;;;
;;;;
;;;;
;;;;
;;;;
;;;;
;;;;
;;;;
;;;;
;;;;
;;;;
;;;;
;;;;
;;;;
;;;;
;;;;
;;;;
;;;;
;;;;
;;;;
;;;;
;;;;
;;;;
;;;;
;;;;
;;;;
;;;;
;;;;
;;;;
;;;;
;;;;
;;;;
;;;;
;;;;
;;;;
;;;;
;;;;
;;;;
;;;;
;;;;
;;;;
;;;;
;;;;
;;;;
;;;;
;;;;
;;;;
;;;;
;;;;
;;;;
;;;;
;;;;
;;;;
;;;;
;;;;
;;;;
;;;;
;;;;
;;;;
;;;;
;;;;
;;;;
;;;;
;;;;
;;;;
;;;;
;;;;
;;;;
;;;;
;;;;
;;;;
;;;;
;;;;
;;;;
;;;;
;;;;
;;;;
;;;;
;;;;
;;;;
;;;;
;;;;
;;;;
;;;;
;;;;
;;;;
;;;;
;;;;
;;;;
;;;;
;;;;
;;;;
;;;;
;;;;
;;;;
;;;;
;;;;
;;;;
;;;;
;;;;
;;;;
;;;;
;;;;
;;;;
;;;;
;;;;
;;;;
;;;;
;;;;
;;;;
;;;;
;;;;
;;;;
;;;;
;;;;
;;;;
;;;;
;;;;
;;;;
;;;;
;;;;
;;;;
;;;;
;;;;
;;;;
;;;;
;;;;
;;;;
;;;;
;;;;
;;;;
;;;;
;;;;
;;;;
;;;;
;;;;
;;;;
;;;;
;;;;
;;;;
;;;;
;;;;
;;;;
;;;;
;;;;
;;;;
;;;;
;;;;
;;;;
;;;;
;;;;
;;;;
;;;;
;;;;
;;;;
;;;;
;;;;
;;;;
;;;;
;;;;
;;;;
;;;;
;;;;
;;;;
;;;;
;;;;
;;;;
;;;;
;;;;
;;;;
;;;;
;;;;
;;;;
;;;;
;;;;
;;;;
;;;;
;;;;
;;;;
;;;;
;;;;
;;;;
;;;;
;;;;
;;;;
;;;;
;;;;
;;;;
;;;;
;;;;
;;;;
;;;;
;;;;
;;;;
;;;;
;;;;
;;;;
;;;;
;;;;
;;;;
;;;;
;;;;
;;;;
;;;;
;;;;
;;;;
;;;;
;;;;
;;;;
;;;;
;;;;
;;;;
;;;;
;;;;
;;;;
;;;;
;;;;
;;;;
;;;;
;;;;
;;;;
;;;;
;;;;
;;;;
;;;;
;;;;
;;;;
;;;;
;;;;
;;;;
;;;;
;;;;
;;;;
;;;;
;;;;
;;;;
;;;;
;;;;
;;;;
;;;;
;;;;
;;;;
;;;;
;;;;
;;;;
;;;;
;;;;
;;;;
;;;;
;;;;
;;;;
;;;;
;;;;
;;;;
;;;;
;;;;
;;;;
;;;;
;;;;
;;;;
;;;;
;;;;
;;;;
;;;;
;;;;
;;;;
;;;;
;;;;
;;;;
;;;;
;;;;
;;;;
;;;;
;;;;
;;;;
;;;;
;;;;
;;;;
;;;;
;;;;
;;;;
;;;;
;;;;
;;;;
;;;;
;;;;
;;;;
;;;;
;;;;
;;;;
;;;;
;;;;
;;;;
;;;;
;;;;
;;;;
;;;;
;;;;
;;;;
;;;;
;;;;
;;;;
;;;;
;;;;
;;;;
;;;;
;;;;
;;;;
;;;;
;;;;
;;;;
;;;;
;;;;
;;;;
;;;;
;;;;
;;;;
;;;;
;;;;
;;;;
;;;;
;;;;
;;;;
;;;;
;;;;
;;;;
;;;;
;;;;
;;;;
;;;;
;;;;
;;;;
;;;;
;;;;
;;;;
;;;;
;;;;
;;;;
;;;;
;;;;
;;;;
;;;;
;;;;
;;;;
;;;;
;;;;
;;;;
;;;;
;;;;
;;;;
;;;;
;;;;
;;;;
;;;;
;;;;
;;;;
;;;;
;;;;
;;;;
;;;;
;;;;
;;;;
;;;;
;;;;
;;;;
;;;;
;;;;
;;;;
;;;;
;;;;
;;;;
;;;;
;;;;
;;;;
;;;;
;;;;
;;;;
;;;;
;;;;
;;;;
;;;;
;;;;
;;;;
;;;;
;;;;
;;;;
;;;;
;;;;
;;;;
;;;;
;;;;
;;;;
;;;;
;;;;
;;;;
;;;;
;;;;
;;;;
;;;;
;;;;
;;;;
;;;;
;;;;
;;;;
;;;;
;;;;
;;;;
;;;;
;;;;
;;;;
;;;;
;;;;
;;;;
;;;;
;;;;
;;;;
;;;;
;;;;
;;;;
;;;;
;;;;
;;;;
;;;;
;;;;
;;;;
;;;;
;;;;
;;;;
;;;;
;;;;
;;;;
;;;;
;;;;
;;;;
;;;;
;;;;
;;;;
;;;;
;;;;
;;;;
;;;;
;;;;
;;;;
;;;;
;;;;
;;;;
;;;;
;;;;
;;;;
;;;;
;;;;
;;;;
;;;;
;;;;
;;;;
;;;;
;;;;
;;;;
;;;;
;;;;
;;;;
;;;;
;;;;
;;;;
;;;;
;;;;
;;;;
;;;;
;;;;
;;;;
;;;;
;;;;
;;;;
;;;;
;;;;
;;;;
;;;;
;;;;
;;;;
;;;;
;;;;
;;;;
;;;;
;;;;
;;;;
;;;;
;;;;
;;;;
;;;;
;;;;
;;;;
;;;;
;;;;
;;;;
;;;;
;;;;
;;;;
;;;;
;;;;
;;;;
;;;;
;;;;
;;;;
;;;;
;;;;
;;;;
;;;;
;;;;
;;;;
;;;;
;;;;
;;;;
;;;;
;;;;
;;;;
;;;;
;;;;
;;;;
;;;;
;;;;
;;;;
;;;;
;;;;
;;;;
;;;;
;;;;
;;;;
;;;;
;;;;
;;;;
;;;;
;;;;
;;;;
;;;;
;;;;
;;;;
;;;;
;;;;
;;;;
;;;;
;;;;
;;;;
;;;;
;;;;
;;;;
;;;;
;;;;
;;;;
;;;;
;;;;
;;;;
;;;;
;;;;
;;;;
;;;;
;;;;
;;;;
;;;;
;;;;
;;;;
;;;;
;;;;
;;;;
;;;;
;;;;
;;;;
;;;;
;;;;
;;;;
;;;;
;;;;
;;;;
;;;;
;;;;
;;;;
;;;;
;;;;
;;;;
;;;;
;;;;
;;;;
;;;;
;;;;
;;;;
;;;;
;;;;
;;;;
;;;;
;;;;
;;;;
;;;;
;;;;
;;;;
;;;;
;;;;
;;;;
;;;;
;;;;
;;;;
;;;;
;;;;
;;;;
;;;;
;;;;
;;;;
;;;;
;;;;
;;;;
;;;;
;;;;
;;;;
;;;;
;;;;
;;;;
;;;;
;;;;
;;;;
;;;;
;;;;
;;;;
;;;;
;;;;
;;;;
;;;;
;;;;
;;;;
;;;;
;;;;
;;;;
;;;;
;;;;
;;;;
;;;;
;;;;
;;;;
;;;;
;;;;
;;;;
;;;;
;;;;
;;;;
;;;;
;;;;
;;;;
;;;;
;;;;
;;;;
;;;;
;;;;
;;;;
;;;;
;;;;
;;;;
;;;;
;;;;
;;;;
;;;;
;;;;
;;;;
;;;;
;;;;
;;;;
;;;;
;;;;
;;;;
;;;;
;;;;
;;;;
;;;;
;;;;
;;;;
;;;;
;;;;
;;;;
;;;;
;;;;
;;;;
;;;;
;;;;
;;;;
;;;;
;;;;
;;;;
;;;;
;;;;
;;;;
;;;;
;;;;
;;;;
;;;;
;;;;
;;;;
;;;;
;;;;
;;;;
;;;;
;;;;
;;;;
;;;;
;;;;
;;;;
;;;;
;;;;
;;;;
;;;;
;;;;
;;;;
;;;;
;;;;
;;;;
;;;;
;;;;
;;;;
;;;;
;;;;
;;;;
;;;;
;;;;
;;;;
;;;;
;;;;
;;;;
;;;;
;;;;
;;;;
;;;;
;;;;
;;;;
;;;;
;;;;
;;;;
;;;;
;;;;
;;;;
;;;;
;;;;
;;;;
;;;;
;;;;
;;;;
;;;;
;;;;
;;;;
;;;;
;;;;
;;;;
;;;;
;;;;
;;;;
;;;;
;;;;
;;;;
;;;;
;;;;
;;;;
;;;;
;;;;
;;;;
;;;;
;;;;
;;;;
;;;;
;;;;
;;;;
;;;;
;;;;
;;;;
;;;;
;;;;
;;;;
;;;;
;;;;
;;;;
;;;;
;;;;
;;;;
;;;;
;;;;
;;;;
;;;;
;;;;
;;;;
;;;;
;;;;
;;;;
;;;;
;;;;
;;;;
;;;;
;;;;
;;;;
;;;;
;;;;
;;;;
;;;;
;;;;
;;;;
;;;;
;;;;
;;;;
;;;;
;;;;
;;;;
;;;;
;;;;
;;;;
;;;;
;;;;
;;;;
;;;;
;;;;
;;;;
;;;;
;;;;
;;;;
;;;;
;;;;
;;;;
;;;;
;;;;
;;;;
;;;;
;;;;
;;;;
;;;;
;;;;
;;;;
;;;;
;;;;
;;;;
;;;;
;;;;
;;;;
;;;;
;;;;
;;;;
;;;;
;;;;
;;;;
;;;;
;;;;
;;;;
;;;;
;;;;
;;;;
;;;;
;;;;
;;;;
;;;;
;;;;
;;;;
;;;;
;;;;
;;;;
;;;;
;;;;
;;;;
;;;;
;;;;
;;;;
;;;;
;;;;
;;;;
;;;;
;;;;
;;;;
;;;;
;;;;
;;;;
;;;;
;;;;
;;;;
;;;;
;;;;
;;;;
;;;;
;;;;
;;;;
;;;;
;;;;
;;;;
;;;;
;;;;
;;;;
;;;;
;;;;
;;;;
;;;;
;;;;
;;;;
;;;;
;;;;
;;;;
;;;;
;;;;
;;;;
;;;;
;;;;
;;;;
;;;;
;;;;
;;;;
;;;;
;;;;
;;;;
;;;;
;;;;
;;;;
;;;;
;;;;
;;;;
;;;;
;;;;
;;;;
;;;;
;;;;
;;;;
;;;;
;;;;
;;;;
;;;;
;;;;
;;;;
;;;;
;;;;
;;;;
;;;;
;;;;
;;;;
;;;;
;;;;
;;;;
;;;;
;;;;
;;;;
;;;;
;;;;
;;;;
;;;;
;;;;
;;;;
;;;;
;;;;
;;;;
;;;;
;;;;
;;;;
;;;;
;;;;
;;;;
;;;;
;;;;
;;;;
;;;;
;;;;
;;;;
;;;;
;;;;
;;;;
;;;;
;;;;
;;;;
;;;;
;;;;
;;;;
;;;;
;;;;
;;;;
;;;;
;;;;
;;;;
;;;;
;;;;
;;;;
;;;;
;;;;
;;;;
;;;;
;;;;
;;;;
;;;;
;;;;
;;;;
;;;;
;;;;
;;;;
;;;;
;;;;
;;;;
;;;;
;;;;
;;;;
;;;;
;;;;
;;;;
;;;;
;;;;
;;;;
;;;;
;;;;
;;;;
;;;;
;;;;
;;;;
;;;;
;;;;
;;;;
;;;;
;;;;
;;;;
;;;;
;;;;
;;;;
;;;;
;;;;
;;;;
;;;;
;;;;
;;;;
;;;;
;;;;
;;;;
;;;;
;;;;
;;;;
;;;;
;;;;
;;;;
;;;;
;;;;
;;;;
;;;;
;;;;
;;;;
;;;;
;;;;
;;;;
;;;;
;;;;
;;;;
;;;;
;;;;
;;;;
;;;;
;;;;
;;;;
;;;;
;;;;
;;;;
;;;;
;;;;
;;;;
;;;;
;;;;
;;;;
;;;;
;;;;
;;;;
;;;;
;;;;
;;;;
;;;;
;;;;
;;;;
;;;;
;;;;
;;;;
;;;;
;;;;
;;;;
;;;;
;;;;
;;;;
;;;;
;;;;
;;;;
;;;;
;;;;
;;;;
;;;;
;;;;
;;;;
;;;;
;;;;
;;;;
;;;;
;;;;
;;;;
;;;;
;;;;
;;;;
;;;;
;;;;
;;;;
;;;;
;;;;
;;;;
;;;;
;;;;
;;;;
;;;;
;;;;
;;;;
;;;;
;;;;
;;;;
;;;;
;;;;
;;;;
;;;;
;;;;
;;;;
;;;;
;;;;
;;;;
;;;;
;;;;
;;;;
;;;;
;;;;
;;;;
;;;;
;;;;
;;;;
;;;;
;;;;
;;;;
;;;;
;;;;
;;;;
;;;;
;;;;
;;;;
;;;;
;;;;
;;;;
;;;;
;;;;
;;;;
;;;;
;;;;
;;;;
;;;;
;;;;
;;;;
;;;;
;;;;
;;;;
;;;;
;;;;
;;;;
;;;;
;;;;
;;;;
;;;;
;;;;
;;;;
;;;;
;;;;
;;;;
;;;;
;;;;
;;;;
;;;;
;;;;
;;;;
;;;;
;;;;
;;;;
;;;;
;;;;
;;;;
;;;;
;;;;
;;;;
;;;;
;;;;
;;;;
;;;;
;;;;
;;;;
;;;;
;;;;
;;;;
;;;;
;;;;
;;;;
;;;;
;;;;
;;;;
;;;;
;;;;
;;;;
;;;;
;;;;
;;;;
;;;;
;;;;
;;;;
;;;;
;;;;
;;;;
;;;;
;;;;
;;;;
;;;;
;;;;
;;;;
;;;;
;;;;
;;;;
;;;;
;;;;
;;;;
;;;;
;;;;
;;;;
;;;;
;;;;
;;;;
;;;;
;;;;
;;;;
;;;;
;;;;
;;;;
;;;;
;;;;
;;;;
;;;;
;;;;
;;;;
;;;;
;;;;
;;;;
;;;;
;;;;
;;;;
;;;;
;;;;
;;;;
;;;;
;;;;
;;;;
;;;;
;;;;
;;;;
;;;;
;;;;
;;;;
;;;;
;;;;
;;;;
;;;;
;;;;
;;;;
;;;;
;;;;
;;;;
;;;;
;;;;
;;;;
;;;;
;;;;
;;;;
;;;;
;;;;
;;;;
;;;;
;;;;
;;;;
;;;;
;;;;
;;;;
;;;;
;;;;
;;;;
;;;;
;;;;
;;;;
;;;;
;;;;
;;;;
;;;;
;;;;
;;;;
;;;;
;;;;
;;;;
;;;;
;;;;
;;;;
;;;;
;;;;
;;;;
;;;;
;;;;
;;;;
;;;;
;;;;
;;;;
;;;;
;;;;
;;;;
;;;;
;;;;
;;;;
;;;;
;;;;
;;;;
;;;;
;;;;
;;;;
;;;;
;;;;
;;;;
;;;;
;;;;
;;;;
;;;;
;;;;
;;;;
;;;;
;;;;
;;;;
;;;;
;;;;
;;;;
;;;;
;;;;
;;;;
;;;;
;;;;
;;;;
;;;;
;;;;
;;;;
;;;;
;;;;
;;;;
;;;;
;;;;
;;;;
;;;;
;;;;
;;;;
;;;;
;;;;
;;;;
;;;;
;;;;
;;;;
;;;;
;;;;
;;;;
;;;;
;;;;
;;;;
;;;;
;;;;
;;;;
;;;;
;;;;
;;;;
;;;;
;;;;
;;;;
;;;;
;;;;
;;;;
;;;;
;;;;
;;;;
;;;;
;;;;
;;;;
;;;;
;;;;
;;;;
;;;;
;;;;
;;;;
;;;;
;;;;
;;;;
;;;;
;;;;
;;;;
;;;;
;;;;
;;;;
;;;;
;;;;
;;;;
;;;;
;;;;
;;;;
;;;;
;;;;
;;;;
;;;;
;;;;
;;;;
;;;;
;;;;
;;;;
;;;;
;;;;
;;;;
;;;;
;;;;
;;;;
;;;;
;;;;
;;;;
;;;;
;;;;
;;;;
;;;;
;;;;
;;;;
;;;;
;;;;
;;;;
;;;;
;;;;
;;;;
;;;;
;;;;
;;;;
;;;;
;;;;
;;;;
;;;;
;;;;
;;;;
;;;;
;;;;
;;;;
;;;;
;;;;
;;;;
;;;;
;;;;
;;;;
;;;;
;;;;
;;;;
;;;;
;;;;
;;;;
;;;;
;;;;
;;;;
;;;;
;;;;
;;;;
;;;;
;;;;
;;;;
;;;;
;;;;
;;;;
;;;;
;;;;
;;;;
;;;;
;;;;
;;;;
;;;;
;;;;
;;;;
;;;;
;;;;
;;;;
;;;;
;;;;
;;;;
;;;;
;;;;
;;;;
;;;;
;;;;
;;;;
;;;;
;;;;
;;;;
;;;;
;;;;
;;;;
;;;;
;;;;
;;;;
;;;;
;;;;
;;;;
;;;;
;;;;
;;;;
;;;;
;;;;
;;;;
;;;;
;;;;
;;;;
;;;;
;;;;
;;;;
;;;;
;;;;
;;;;
;;;;
;;;;
;;;;
;;;;
;;;;
;;;;
;;;;
;;;;
;;;;
;;;;
;;;;
;;;;
;;;;
;;;;
;;;;
;;;;
;;;;
;;;;
;;;;
;;;;
;;;;
;;;;
;;;;
;;;;
;;;;
;;;;
;;;;
;;;;
;;;;
;;;;
;;;;
;;;;
;;;;
;;;;
;;;;
;;;;
;;;;
;;;;
;;;;
;;;;
;;;;
;;;;
;;;;
;;;;
;;;;
;;;;
;;;;
;;;;
;;;;
;;;;
;;;;
;;;;
;;;;
;;;;
;;;;
;;;;
;;;;
;;;;
;;;;
;;;;
;;;;
;;;;
;;;;
;;;;
;;;;
;;;;
;;;;
;;;;
;;;;
;;;;
;;;;
;;;;
;;;;
;;;;
;;;;
;;;;
;;;;
;;;;
;;;;
;;;;
;;;;
;;;;
;;;;
;;;;
;;;;
;;;;
;;;;
;;;;
;;;;
;;;;
;;;;
;;;;
;;;;
;;;;
;;;;
;;;;
;;;;
;;;;
;;;;
;;;;
;;;;
;;;;
;;;;
;;;;
;;;;
;;;;
;;;;
;;;;
;;;;
;;;;
;;;;
;;;;
;;;;
;;;;
;;;;
;;;;
;;;;
;;;;
;;;;
;;;;
;;;;
;;;;
;;;;
;;;;
;;;;
;;;;
;;;;
;;;;
;;;;
;;;;
;;;;
;;;;
;;;;
;;;;
;;;;
;;;;
;;;;
;;;;
;;;;
;;;;
;;;;
;;;;
;;;;
;;;;
;;;;
;;;;
;;;;
;;;;
;;;;
;;;;
;;;;
;;;;
;;;;
;;;;
;;;;
;;;;
;;;;
;;;;
;;;;
;;;;
;;;;
;;;;
;;;;
;;;;
;;;;
;;;;
;;;;
;;;;
;;;;
;;;;
;;;;
;;;;
;;;;
;;;;
;;;;
;;;;
;;;;
;;;;
;;;;
;;;;
;;;;
;;;;
;;;;
;;;;
;;;;
;;;;
;;;;
;;;;
;;;;
;;;;
;;;;
;;;;
;;;;
;;;;
;;;;
;;;;
;;;;
;;;;
;;;;
;;;;
;;;;
;;;;
;;;;
;;;;
;;;;
;;;;
;;;;
;;;;
;;;;
;;;;
;;;;
;;;;
;;;;
;;;;
;;;;
;;;;
;;;;
;;;;
;;;;
;;;;
;;;;
;;;;
;;;;
;;;;
;;;;
;;;;
;;;;
;;;;
;;;;
;;;;
;;;;
;;;;
;;;;
;;;;
;;;;
;;;;
;;;;
;;;;
;;;;
;;;;
;;;;
;;;;
;;;;
;;;;
;;;;
;;;;
;;;;
;;;;
;;;;
;;;;
;;;;
;;;;
;;;;
;;;;
;;;;
;;;;
;;;;
;;;;
;;;;
;;;;
;;;;
;;;;
;;;;
;;;;
;;;;
;;;;
;;;;
;;;;
;;;;
;;;;
;;;;
;;;;
;;;;
;;;;
;;;;
;;;;
;;;;
;;;;
;;;;
;;;;
;;;;
;;;;
;;;;
;;;;
;;;;
;;;;
;;;;
;;;;
;;;;
;;;;
;;;;
;;;;
;;;;
;;;;
;;;;
;;;;
;;;;
;;;;
;;;;
;;;;
;;;;
;;;;
;;;;
;;;;
;;;;
;;;;
;;;;
;;;;
;;;;
;;;;
;;;;
;;;;
;;;;
;;;;
;;;;
;;;;
;;;;
;;;;
;;;;
;;;;
;;;;
;;;;
;;;;
;;;;
;;;;
;;;;
;;;;
;;;;
;;;;
;;;;
;;;;
;;;;
;;;;
;;;;
;;;;
;;;;
;;;;
;;;;
;;;;
;;;;
;;;;
;;;;
;;;;
;;;;
;;;;
;;;;
;;;;
;;;;
;;;;
;;;;
;;;;
;;;;
;;;;
;;;;
;;;;
;;;;
;;;;
;;;;
;;;;
;;;;
;;;;
;;;;
;;;;
;;;;
;;;;
;;;;
;;;;
;;;;
;;;;
;;;;
;;;;
;;;;
;;;;
;;;;
;;;;
;;;;
;;;;
;;;;
;;;;
;;;;
;;;;
;;;;
;;;;
;;;;
;;;;
;;;;
;;;;
;;;;
;;;;
;;;;
;;;;
;;;;
;;;;
;;;;
;;;;
;;;;
;;;;
;;;;
;;;;
;;;;
;;;;
;;;;
;;;;
;;;;
;;;;
;;;;
;;;;
;;;;
;;;;
;;;;
;;;;
;;;;
;;;;
;;;;
;;;;
;;;;
;;;;
;;;;
;;;;
;;;;
;;;;
;;;;
;;;;
;;;;
;;;;
;;;;
;;;;
;;;;
;;;;
;;;;
;;;;
;;;;
;;;;
;;;;
;;;;
;;;;
;;;;
;;;;
;;;;
;;;;
;;;;
;;;;
;;;;
;;;;
;;;;
;;;;
;;;;
;;;;
;;;;
;;;;
;;;;
;;;;
;;;;
;;;;
;;;;
;;;;
;;;;
;;;;
;;;;
;;;;
;;;;
;;;;
;;;;
;;;;
;;;;
;;;;
;;;;
;;;;
;;;;
;;;;
;;;;
;;;;
;;;;
;;;;
;;;;
;;;;
;;;;
;;;;
;;;;
;;;;
;;;;
;;;;
;;;;
;;;;
;;;;
;;;;
;;;;
;;;;
;;;;
;;;;
;;;;
;;;;
;;;;
;;;;
;;;;
;;;;
;;;;
;;;;
;;;;
;;;;
;;;;
;;;;
;;;;
;;;;
;;;;
;;;;
;;;;
;;;;
;;;;
;;;;
;;;;
;;;;
;;;;
;;;;
;;;;
;;;;
;;;;
;;;;
;;;;
;;;;
;;;;
;;;;
;;;;
;;;;
;;;;
;;;;
;;;;
;;;;
;;;;
;;;;
;;;;
;;;;
;;;;
;;;;
;;;;
;;;;
;;;;
;;;;
;;;;
;;;;
;;;;
;;;;
;;;;
;;;;
;;;;
;;;;
;;;;
;;;;
;;;;
;;;;
;;;;
;;;;
;;;;
;;;;
;;;;
;;;;
;;;;
;;;;
;;;;
;;;;
;;;;
;;;;
;;;;
;;;;
;;;;
;;;;
;;;;
;;;;
;;;;
;;;;
;;;;
;;;;
;;;;
;;;;
;;;;
;;;;
;;;;
;;;;
;;;;
;;;;
;;;;
;;;;
;;;;
;;;;
;;;;
;;;;
;;;;
;;;;
;;;;
;;;;
;;;;
;;;;
;;;;
;;;;
;;;;
;;;;
;;;;
;;;;
;;;;
;;;;
;;;;
;;;;
;;;;
;;;;
;;;;
;;;;
;;;;
;;;;
;;;;
;;;;
;;;;
;;;;
;;;;
;;;;
;;;;
;;;;
;;;;
;;;;
;;;;
;;;;
;;;;
;;;;
;;;;
;;;;
;;;;
;;;;
;;;;
;;;;
;;;;
;;;;
;;;;
;;;;
;;;;
;;;;
;;;;
;;;;
;;;;
;;;;
;;;;
;;;;
;;;;
;;;;
;;;;
;;;;
;;;;
;;;;
;;;;
;;;;
;;;;
;;;;
;;;;
;;;;
;;;;
;;;;
;;;;
;;;;
;;;;
;;;;
;;;;
;;;;
;;;;
;;;;
;;;;
;;;;
;;;;
;;;;
;;;;
;;;;
;;;;
;;;;
;;;;
;;;;
;;;;
;;;;
;;;;
;;;;
;;;;
;;;;
;;;;
;;;;
;;;;
;;;;
;;;;
;;;;
;;;;
;;;;
;;;;
;;;;
;;;;
;;;;
;;;;
;;;;
;;;;
;;;;
;;;;
;;;;
;;;;
;;;;
;;;;
;;;;
;;;;
;;;;
;;;;
;;;;
;;;;
;;;;
;;;;
;;;;
;;;;
;;;;
;;;;
;;;;
;;;;
;;;;
;;;;
;;;;
;;;;
;;;;
;;;;
;;;;
;;;;
;;;;
;;;;
;;;;
;;;;
;;;;
;;;;
;;;;
;;;;
;;;;
;;;;
;;;;
;;;;
;;;;
;;;;
;;;;
;;;;
;;;;
;;;;
;;;;
;;;;
;;;;
;;;;
;;;;
;;;;
;;;;
;;;;
;;;;
;;;;
;;;;
;;;;
;;;;
;;;;
;;;;
;;;;
;;;;
;;;;
;;;;
;;;;
;;;;
;;;;
;;;;
;;;;
;;;;
;;;;
;;;;
;;;;
;;;;
;;;;
;;;;
;;;;
;;;;
;;;;
;;;;
;;;;
;;;;
;;;;
;;;;
;;;;
;;;;
;;;;
;;;;
;;;;
;;;;
;;;;
;;;;
;;;;
;;;;
;;;;
;;;;
;;;;
;;;;
;;;;
;;;;
;;;;
;;;;
;;;;
;;;;
;;;;
;;;;
;;;;
;;;;
;;;;
;;;;
;;;;
;;;;
;;;;
;;;;
;;;;
;;;;
;;;;
;;;;
;;;;
;;;;
;;;;
;;;;
;;;;
;;;;
;;;;
;;;;
;;;;
;;;;
;;;;
;;;;
;;;;
;;;;
;;;;
;;;;
;;;;
;;;;
;;;;
;;;;
;;;;
;;;;
;;;;
;;;;
;;;;
;;;;
;;;;
;;;;
;;;;
;;;;
;;;;
;;;;
;;;;
;;;;
;;;;
;;;;
;;;;
;;;;
;;;;
;;;;
;;;;
;;;;
;;;;
;;;;
;;;;
;;;;
;;;;
;;;;
;;;;
;;;;
;;;;
;;;;
;;;;
;;;;
;;;;
;;;;
;;;;
;;;;
;;;;
;;;;
;;;;
;;;;
;;;;
;;;;
;;;;
;;;;
;;;;
;;;;
;;;;
;;;;
;;;;
;;;;
;;;;
;;;;
;;;;
;;;;
;;;;
;;;;
;;;;
;;;;
;;;;
;;;;
;;;;
;;;;
;;;;
;;;;
;;;;
;;;;
;;;;
;;;;
;;;;
;;;;
;;;;
;;;;
;;;;
;;;;
;;;;
;;;;
;;;;
;;;;
;;;;
;;;;
;;;;
;;;;
;;;;
;;;;
;;;;
;;;;
;;;;
;;;;
;;;;
;;;;
;;;;
;;;;
;;;;
;;;;
;;;;
;;;;
;;;;
;;;;
;;;;
;;;;
;;;;
;;;;
;;;;
;;;;
;;;;
;;;;
;;;;
;;;;
;;;;
;;;;
;;;;
;;;;
;;;;
;;;;
;;;;
;;;;
;;;;
;;;;
;;;;
;;;;
;;;;
;;;;
;;;;
;;;;
;;;;
;;;;
;;;;
;;;;
;;;;
;;;;
;;;;
;;;;
;;;;
;;;;
;;;;
;;;;
;;;;
;;;;
;;;;
;;;;
;;;;
;;;;
;;;;
;;;;
;;;;
;;;;
;;;;
;;;;
;;;;
;;;;
;;;;
;;;;
;;;;
;;;;
;;;;
;;;;
;;;;
;;;;
;;;;
;;;;
;;;;
;;;;
;;;;
;;;;
;;;;
;;;;
;;;;
;;;;
;;;;
;;;;
;;;;
;;;;
;;;;
;;;;
;;;;
;;;;
;;;;
;;;;
;;;;
;;;;
;;;;
;;;;
;;;;
;;;;
;;;;
;;;;
;;;;
;;;;
;;;;
;;;;
;;;;
;;;;
;;;;
;;;;
;;;;
;;;;
;;;;
;;;;
;;;;
;;;;
;;;;
;;;;
;;;;
;;;;
;;;;
;;;;
;;;;
;;;;
;;;;
;;;;
;;;;
;;;;
;;;;
;;;;
;;;;
;;;;
;;;;
;;;;
;;;;
;;;;
;;;;
;;;;
;;;;
;;;;
;;;;
;;;;
;;;;
;;;;
;;;;
;;;;
;;;;
;;;;
;;;;
;;;;
;;;;
;;;;
;;;;
;;;;
;;;;
;;;;
;;;;
;;;;
;;;;
;;;;
;;;;
;;;;
;;;;
;;;;
;;;;
;;;;
;;;;
;;;;
;;;;
;;;;
;;;;
;;;;
;;;;
;;;;
;;;;
;;;;
;;;;
;;;;
;;;;
;;;;
;;;;
;;;;
;;;;
;;;;
;;;;
;;;;
;;;;
;;;;
;;;;
;;;;
;;;;
;;;;
;;;;
;;;;
;;;;
;;;;
;;;;
;;;;
;;;;
;;;;
;;;;
;;;;
;;;;
;;;;
;;;;
;;;;
;;;;
;;;;
;;;;
;;;;
;;;;
;;;;
;;;;
;;;;
;;;;
;;;;
;;;;
;;;;
;;;;
;;;;
;;;;
;;;;
;;;;
;;;;
;;;;
;;;;
;;;;
;;;;
;;;;
;;;;
;;;;
;;;;
;;;;
;;;;
;;;;
;;;;
;;;;
;;;;
;;;;
;;;;
;;;;
;;;;
;;;;
;;;;
;;;;
;;;;
;;;;
;;;;
;;;;
;;;;
;;;;
;;;;
;;;;
;;;;
;;;;
;;;;
;;;;
;;;;
;;;;
;;;;
;;;;
;;;;
;;;;
;;;;
;;;;
;;;;
;;;;
;;;;
;;;;
;;;;
;;;;
;;;;
;;;;
;;;;
;;;;
;;;;
;;;;
;;;;
;;;;
;;;;
;;;;
;;;;
;;;;
;;;;
;;;;
;;;;
;;;;
;;;;
;;;;
;;;;
;;;;
;;;;
;;;;
;;;;
;;;;
;;;;
;;;;
;;;;
;;;;
;;;;
;;;;
;;;;
;;;;
;;;;
;;;;
;;;;
;;;;
;;;;
;;;;
;;;;
;;;;
;;;;
;;;;
;;;;
;;;;
;;;;
;;;;
;;;;
;;;;
;;;;
;;;;
;;;;
;;;;
;;;;
;;;;
;;;;
;;;;
;;;;
;;;;
;;;;
;;;;
;;;;
;;;;
;;;;
;;;;
;;;;
;;;;
;;;;
;;;;
;;;;
;;;;
;;;;
;;;;
;;;;
;;;;
;;;;
;;;;
;;;;
;;;;
;;;;
;;;;
;;;;
;;;;
;;;;
;;;;
;;;;
;;;;
;;;;
;;;;
;;;;
;;;;
;;;;
;;;;
;;;;
;;;;
;;;;
;;;;
;;;;
;;;;
;;;;
;;;;
;;;;
;;;;
;;;;
;;;;
;;;;
;;;;
;;;;
;;;;
;;;;
;;;;
;;;;
;;;;
;;;;
;;;;
;;;;
;;;;
;;;;
;;;;
;;;;
;;;;
;;;;
;;;;
;;;;
;;;;
;;;;
;;;;
;;;;
;;;;
;;;;
;;;;
;;;;
;;;;
;;;;
;;;;
;;;;
;;;;
;;;;
;;;;
;;;;
;;;;
;;;;
;;;;
;;;;
;;;;
;;;;
;;;;
;;;;
;;;;
;;;;
;;;;
;;;;
;;;;
;;;;
;;;;
;;;;
;;;;
;;;;
;;;;
;;;;
;;;;
;;;;
;;;;
;;;;
;;;;
;;;;
;;;;
;;;;
;;;;
;;;;
;;;;
;;;;
;;;;
;;;;
;;;;
;;;;
;;;;
;;;;
;;;;
;;;;
;;;;
;;;;
;;;;
;;;;
;;;;
;;;;
;;;;
;;;;
;;;;
;;;;
;;;;
;;;;
;;;;
;;;;
;;;;
;;;;
;;;;
;;;;
;;;;
;;;;
;;;;
;;;;
;;;;
;;;;
;;;;
;;;;
;;;;
;;;;
;;;;
;;;;
;;;;
;;;;
;;;;
;;;;
;;;;
;;;;
;;;;
;;;;
;;;;
;;;;
;;;;
;;;;
;;;;
;;;;
;;;;
;;;;
;;;;
;;;;
;;;;
;;;;
;;;;
;;;;
;;;;
;;;;
;;;;
;;;;
;;;;
;;;;
;;;;
;;;;
;;;;
;;;;
;;;;
;;;;
;;;;
;;;;
;;;;
;;;;
;;;;
;;;;
;;;;
;;;;
;;;;
;;;;
;;;;
;;;;
;;;;
;;;;
;;;;
;;;;
;;;;
;;;;
;;;;
;;;;
;;;;
;;;;
;;;;
;;;;
;;;;
;;;;
;;;;
;;;;
;;;;
;;;;
;;;;
;;;;
;;;;
;;;;
;;;;
;;;;
;;;;
;;;;
;;;;
;;;;
;;;;
;;;;
;;;;
;;;;
;;;;
;;;;
;;;;
;;;;
;;;;
;;;;
;;;;
;;;;
;;;;
;;;;
;;;;
;;;;
;;;;
;;;;
;;;;
;;;;
;;;;
;;;;
;;;;
;;;;
;;;;
;;;;
;;;;
;;;;
;;;;
;;;;
;;;;
;;;;
;;;;
;;;;
;;;;
;;;;
;;;;
;;;;
;;;;
;;;;
;;;;
;;;;
;;;;
;;;;
;;;;
;;;;
;;;;
;;;;
;;;;
;;;;
;;;;
;;;;
;;;;
;;;;
;;;;
;;;;
;;;;
;;;;
;;;;
;;;;
;;;;
;;;;
;;;;
;;;;
;;;;
;;;;
;;;;
;;;;
;;;;
;;;;
;;;;
;;;;
;;;;
;;;;
;;;;
;;;;
;;;;
;;;;
;;;;
;;;;
;;;;
;;;;
;;;;
;;;;
;;;;
;;;;
;;;;
;;;;
;;;;
;;;;
;;;;
;;;;
;;;;
;;;;
;;;;
;;;;
;;;;
;;;;
;;;;
;;;;
;;;;
;;;;
;;;;
;;;;
;;;;
;;;;
;;;;
;;;;
;;;;
;;;;
;;;;
;;;;
;;;;
;;;;
;;;;
;;;;
;;;;
;;;;
;;;;
;;;;
;;;;
;;;;
;;;;
;;;;
;;;;
;;;;
;;;;
;;;;
;;;;
;;;;
;;;;
;;;;
;;;;
;;;;
;;;;
;;;;
;;;;
;;;;
;;;;
;;;;
;;;;
;;;;
;;;;
;;;;
;;;;
;;;;
;;;;
;;;;
;;;;
;;;;
;;;;
;;;;
;;;;
;;;;
;;;;
;;;;
;;;;
;;;;
;;;;
;;;;
;;;;
;;;;
;;;;
;;;;
;;;;
;;;;
;;;;
;;;;
;;;;
;;;;
;;;;
;;;;
;;;;
;;;;
;;;;
;;;;
;;;;
;;;;
;;;;
;;;;
;;;;
;;;;
;;;;
;;;;
;;;;
;;;;
;;;;
;;;;
;;;;
;;;;
;;;;
;;;;
;;;;
;;;;
;;;;
;;;;
;;;;
;;;;
;;;;
;;;;
;;;;
;;;;
;;;;
;;;;
;;;;
;;;;
;;;;
;;;;
;;;;
;;;;
;;;;
;;;;
;;;;
;;;;
;;;;
;;;;
;;;;
;;;;
;;;;
;;;;
;;;;
;;;;
;;;;
;;;;
;;;;
;;;;
;;;;
;;;;
;;;;
;;;;
;;;;
;;;;
;;;;
;;;;
;;;;
;;;;
;;;;
;;;;
;;;;
;;;;
;;;;
;;;;
;;;;
;;;;
;;;;
;;;;
;;;;
;;;;
;;;;
;;;;
;;;;
;;;;
;;;;
;;;;
;;;;
;;;;
;;;;
;;;;
;;;;
;;;;
;;;;
;;;;
;;;;
;;;;
;;;;
;;;;
;;;;
;;;;
;;;;
;;;;
;;;;
;;;;
;;;;
;;;;
;;;;
;;;;
;;;;
;;;;
;;;;
;;;;
;;;;
;;;;
;;;;
;;;;
;;;;
;;;;
;;;;
;;;;
;;;;
;;;;
;;;;
;;;;
;;;;
;;;;
;;;;
;;;;
;;;;
;;;;
;;;;
;;;;
;;;;
;;;;
;;;;
;;;;
;;;;
;;;;
;;;;
;;;;
;;;;
;;;;
;;;;
;;;;
;;;;
;;;;
;;;;
;;;;
;;;;
;;;;
;;;;
;;;;
;;;;
;;;;
;;;;
;;;;
;;;;
;;;;
;;;;
;;;;
;;;;
;;;;
;;;;
;;;;
;;;;
;;;;
;;;;
;;;;
;;;;
;;;;
;;;;
;;;;
;;;;
;;;;
;;;;
;;;;
;;;;
;;;;
;;;;
;;;;
;;;;
;;;;
;;;;
;;;;
;;;;
;;;;
;;;;
;;;;
;;;;
;;;;
;;;;
;;;;
;;;;
;;;;
;;;;
;;;;
;;;;
;;;;
;;;;
;;;;
;;;;
;;;;
;;;;
;;;;
;;;;
;;;;
;;;;
;;;;
;;;;
;;;;
;;;;
;;;;
;;;;
;;;;
;;;;
;;;;
;;;;
;;;;
;;;;
;;;;
;;;;
;;;;
;;;;
;;;;
;;;;
;;;;
;;;;
;;;;
;;;;
;;;;
;;;;
;;;;
;;;;
;;;;
;;;;
;;;;
;;;;
;;;;
;;;;
;;;;
;;;;
;;;;
;;;;
;;;;
;;;;
;;;;
;;;;
;;;;
;;;;
;;;;
;;;;
;;;;
;;;;
;;;;
;;;;
;;;;
;;;;
;;;;
;;;;
;;;;
;;;;
;;;;
;;;;
;;;;
;;;;
;;;;
;;;;
;;;;
;;;;
;;;;
;;;;
;;;;
;;;;
;;;;
;;;;
;;;;
;;;;
;;;;
;;;;
;;;;
;;;;
;;;;
;;;;
;;;;
;;;;
;;;;
;;;;
;;;;
;;;;
;;;;
;;;;
;;;;
;;;;
;;;;
;;;;
;;;;
;;;;
;;;;
;;;;
;;;;
;;;;
;;;;
;;;;
;;;;
;;;;
;;;;
;;;;
;;;;
;;;;
;;;;
;;;;
;;;;
;;;;
;;;;
;;;;
;;;;
;;;;
;;;;
;;;;
;;;;
;;;;
;;;;
;;;;
;;;;
;;;;
;;;;
;;;;
;;;;
;;;;
;;;;
;;;;
;;;;
;;;;
;;;;
;;;;
;;;;
;;;;
;;;;
;;;;
;;;;
;;;;
;;;;
;;;;
;;;;
;;;;
;;;;
;;;;
;;;;
;;;;
;;;;
;;;;
;;;;
;;;;
;;;;
;;;;
;;;;
;;;;
;;;;
;;;;
;;;;
;;;;
;;;;
;;;;
;;;;
;;;;
;;;;
;;;;
;;;;
;;;;
;;;;
;;;;
;;;;
;;;;
;;;;
;;;;
;;;;
;;;;
;;;;
;;;;
;;;;
;;;;
;;;;
;;;;
;;;;
;;;;
;;;;
;;;;
;;;;
;;;;
;;;;
;;;;
;;;;
;;;;
;;;;
;;;;
;;;;
;;;;
;;;;
;;;;
;;;;
;;;;
;;;;
;;;;
;;;;
;;;;
;;;;
;;;;
;;;;
;;;;
;;;;
;;;;
;;;;
;;;;
;;;;
;;;;
;;;;
;;;;
;;;;
;;;;
;;;;
;;;;
;;;;
;;;;
;;;;
;;;;
;;;;
;;;;
;;;;
;;;;
;;;;
;;;;
;;;;
;;;;
;;;;
;;;;
;;;;
;;;;
;;;;
;;;;
;;;;
;;;;
;;;;
;;;;
;;;;
;;;;
;;;;
;;;;
;;;;
;;;;
;;;;
;;;;
;;;;
;;;;
;;;;
;;;;
;;;;
;;;;
;;;;
;;;;
;;;;
;;;;
;;;;
;;;;
;;;;
;;;;
;;;;
;;;;
;;;;
;;;;
;;;;
;;;;
;;;;
;;;;
;;;;
;;;;
;;;;
;;;;
;;;;
;;;;
;;;;
;;;;
;;;;
;;;;
;;;;
;;;;
;;;;
;;;;
;;;;
;;;;
;;;;
;;;;
;;;;
;;;;
;;;;
;;;;
;;;;
;;;;
;;;;
;;;;
;;;;
;;;;
;;;;
;;;;
;;;;
;;;;
;;;;
;;;;
;;;;
;;;;
;;;;
;;;;
;;;;
;;;;
;;;;
;;;;
;;;;
;;;;
;;;;
;;;;
;;;;
;;;;
;;;;
;;;;
;;;;
;;;;
;;;;
;;;;
;;;;
;;;;
;;;;
;;;;
;;;;
;;;;
;;;;
;;;;
;;;;
;;;;
;;;;
;;;;
;;;;
;;;;
;;;;
;;;;
;;;;
;;;;
;;;;
;;;;
;;;;
;;;;
;;;;
;;;;
;;;;
;;;;
;;;;
;;;;
;;;;
;;;;
;;;;
;;;;
;;;;
;;;;
;;;;
;;;;
;;;;
;;;;
;;;;
;;;;
;;;;
;;;;
;;;;
;;;;
;;;;
;;;;
;;;;
;;;;
;;;;
;;;;
;;;;
;;;;
;;;;
;;;;
;;;;
;;;;
;;;;
;;;;
;;;;
;;;;
;;;;
;;;;
;;;;
;;;;
;;;;
;;;;
;;;;
;;;;
;;;;
;;;;
;;;;
;;;;
;;;;
;;;;
;;;;
;;;;
;;;;
;;;;
;;;;
;;;;
;;;;
;;;;
;;;;
;;;;
;;;;
;;;;
;;;;
;;;;
;;;;
;;;;
;;;;
;;;;
;;;;
;;;;
;;;;
;;;;
;;;;
;;;;
;;;;
;;;;
;;;;
;;;;
;;;;
;;;;
;;;;
;;;;
;;;;
;;;;
;;;;
;;;;
;;;;
;;;;
;;;;
;;;;
;;;;
;;;;
;;;;
;;;;
;;;;
;;;;
;;;;
;;;;
;;;;
;;;;
;;;;
;;;;
;;;;
;;;;
;;;;
;;;;
;;;;
;;;;
;;;;
;;;;
;;;;
;;;;
;;;;
;;;;
;;;;
;;;;
;;;;
;;;;
;;;;
;;;;
;;;;
;;;;
;;;;
;;;;
;;;;
;;;;
;;;;
;;;;
;;;;
;;;;
;;;;
;;;;
;;;;
;;;;
;;;;
;;;;
;;;;
;;;;
;;;;
;;;;
;;;;
;;;;
;;;;
;;;;
;;;;
;;;;
;;;;
;;;;
;;;;
;;;;
;;;;
;;;;
;;;;
;;;;
;;;;
;;;;
;;;;
;;;;
;;;;
;;;;
;;;;
;;;;
;;;;
;;;;
;;;;
;;;;
;;;;
;;;;
;;;;
;;;;
;;;;
;;;;
;;;;
;;;;
;;;;
;;;;
;;;;
;;;;
;;;;
;;;;
;;;;
;;;;
;;;;
;;;;
;;;;
;;;;
;;;;
;;;;
;;;;
;;;;
;;;;
;;;;
;;;;
;;;;
;;;;
;;;;
;;;;
;;;;
;;;;
;;;;
;;;;
;;;;
;;;;
;;;;
;;;;
;;;;
;;;;
;;;;
;;;;
;;;;
;;;;
;;;;
;;;;
;;;;
;;;;
;;;;
;;;;
;;;;
;;;;
;;;;
;;;;
;;;;
;;;;
;;;;
;;;;
;;;;
;;;;
;;;;
;;;;
;;;;
;;;;
;;;;
;;;;
;;;;
;;;;
;;;;
;;;;
;;;;
;;;;
;;;;
;;;;
;;;;
;;;;
;;;;
;;;;
;;;;
;;;;
;;;;
;;;;
;;;;
;;;;
;;;;
;;;;
;;;;
;;;;
;;;;
;;;;
;;;;
;;;;
;;;;
;;;;
;;;;
;;;;
;;;;
;;;;
;;;;
;;;;
;;;;
;;;;
;;;;
;;;;
;;;;
;;;;
;;;;
;;;;
;;;;
;;;;
;;;;
;;;;
;;;;
;;;;
;;;;
;;;;
;;;;
;;;;
;;;;
;;;;
;;;;
;;;;
;;;;
;;;;
;;;;
;;;;
;;;;
;;;;
;;;;
;;;;
;;;;
;;;;
;;;;
;;;;
;;;;
;;;;
;;;;
;;;;
;;;;
;;;;
;;;;
;;;;
;;;;
;;;;
;;;;
;;;;
;;;;
;;;;
;;;;
;;;;
;;;;
;;;;
;;;;
;;;;
;;;;
;;;;
;;;;
;;;;
;;;;
;;;;
;;;;
;;;;
;;;;
;;;;
;;;;
;;;;
;;;;
;;;;
;;;;
;;;;
;;;;
;;;;
;;;;
;;;;
;;;;
;;;;
;;;;
;;;;
;;;;
;;;;
;;;;
;;;;
;;;;
;;;;
;;;;
;;;;
;;;;
;;;;
;;;;
;;;;
;;;;
;;;;
;;;;
;;;;
;;;;
;;;;
;;;;
;;;;
;;;;
;;;;
;;;;
;;;;
;;;;
;;;;
;;;;
;;;;
;;;;
;;;;
;;;;
;;;;
;;;;
;;;;
;;;;
;;;;
;;;;
;;;;
;;;;
;;;;
;;;;
;;;;
;;;;
;;;;
;;;;
;;;;
;;;;
;;;;
;;;;
;;;;
;;;;
;;;;
;;;;
;;;;
;;;;
;;;;
;;;;
;;;;
;;;;
;;;;
;;;;
;;;;
;;;;
;;;;
;;;;
;;;;
;;;;
;;;;
;;;;
;;;;
;;;;
;;;;
;;;;
;;;;
;;;;
;;;;
;;;;
;;;;
;;;;
;;;;
;;;;
;;;;
;;;;
;;;;
;;;;
;;;;
;;;;
;;;;
;;;;
;;;;
;;;;
;;;;
;;;;
;;;;
;;;;
;;;;
;;;;
;;;;
;;;;
;;;;
;;;;
;;;;
;;;;
;;;;
;;;;
;;;;
;;;;
;;;;
;;;;
;;;;
;;;;
;;;;
;;;;
;;;;
;;;;
;;;;
;;;;
;;;;
;;;;
;;;;
;;;;
;;;;
;;;;
;;;;
;;;;
;;;;
;;;;
;;;;
;;;;
;;;;
;;;;
;;;;
;;;;
;;;;
;;;;
;;;;
;;;;
;;;;
;;;;
;;;;
;;;;
;;;;
;;;;
;;;;
;;;;
;;;;
;;;;
;;;;
;;;;
;;;;
;;;;
;;;;
;;;;
;;;;
;;;;
;;;;
;;;;
;;;;
;;;;
;;;;
;;;;
;;;;
;;;;
;;;;
;;;;
;;;;
;;;;
;;;;
;;;;
;;;;
;;;;
;;;;
;;;;
;;;;
;;;;
;;;;
;;;;
;;;;
;;;;
;;;;
;;;;
;;;;
;;;;
;;;;
;;;;
;;;;
;;;;
;;;;
;;;;
;;;;
;;;;
;;;;
;;;;
;;;;
;;;;
;;;;
;;;;
;;;;
;;;;
;;;;
;;;;
;;;;
;;;;
;;;;
;;;;
;;;;
;;;;
;;;;
;;;;
;;;;
;;;;
;;;;
;;;;
;;;;
;;;;
;;;;
;;;;
;;;;
;;;;
;;;;
;;;;
;;;;
;;;;
;;;;
;;;;
;;;;
;;;;
;;;;
;;;;
;;;;
;;;;
;;;;
;;;;
;;;;
;;;;
;;;;
;;;;
;;;;
;;;;
;;;;
;;;;
;;;;
;;;;
;;;;
;;;;
;;;;
;;;;
;;;;
;;;;
;;;;
;;;;
;;;;
;;;;
;;;;
;;;;
;;;;
;;;;
;;;;
;;;;
;;;;
;;;;
;;;;
;;;;
;;;;
;;;;
;;;;
;;;;
;;;;
;;;;
;;;;
;;;;
;;;;
;;;;
;;;;
;;;;
;;;;
;;;;
;;;;
;;;;
;;;;
;;;;
;;;;
;;;;
;;;;
;;;;
;;;;
;;;;
;;;;
;;;;
;;;;
;;;;
;;;;
;;;;
;;;;
;;;;
;;;;
;;;;
;;;;
;;;;
;;;;
;;;;
;;;;
;;;;
;;;;
;;;;
;;;;
;;;;
;;;;
;;;;
;;;;
;;;;
;;;;
;;;;
;;;;
;;;;
;;;;
;;;;
;;;;
;;;;
;;;;
;;;;
;;;;
;;;;
;;;;
;;;;
;;;;
;;;;
;;;;
;;;;
;;;;
;;;;
;;;;
;;;;
;;;;
;;;;
;;;;
;;;;
;;;;
;;;;
;;;;
;;;;
;;;;
;;;;
;;;;
;;;;
;;;;
;;;;
;;;;
;;;;
;;;;
;;;;
;;;;
;;;;
;;;;
;;;;
;;;;
;;;;
;;;;
;;;;
;;;;
;;;;
;;;;
;;;;
;;;;
;;;;
;;;;
;;;;
;;;;
;;;;
;;;;
;;;;
;;;;
;;;;
;;;;
;;;;
;;;;
;;;;
;;;;
;;;;
;;;;
;;;;
;;;;
;;;;
;;;;
;;;;
;;;;
;;;;
;;;;
;;;;
;;;;
;;;;
;;;;
;;;;
;;;;
;;;;
;;;;
;;;;
;;;;
;;;;
;;;;
;;;;
;;;;
;;;;
;;;;
;;;;
;;;;
;;;;
;;;;
;;;;
;;;;
;;;;
;;;;
;;;;
;;;;
;;;;
;;;;
;;;;
;;;;
;;;;
;;;;
;;;;
;;;;
;;;;
;;;;
;;;;
;;;;
;;;;
;;;;
;;;;
;;;;
;;;;
;;;;
;;;;
;;;;
;;;;
;;;;
;;;;
;;;;
;;;;
;;;;
;;;;
;;;;
;;;;
;;;;
;;;;
;;;;
;;;;
;;;;
;;;;
;;;;
;;;;
;;;;
;;;;
;;;;
;;;;
;;;;
;;;;
;;;;
;;;;
;;;;
;;;;
;;;;
;;;;
;;;;
;;;;
;;;;
;;;;
;;;;
;;;;
;;;;
;;;;
;;;;
;;;;
;;;;
;;;;
;;;;
;;;;
;;;;
;;;;
;;;;
;;;;
;;;;
;;;;
;;;;
;;;;
;;;;
;;;;
;;;;
;;;;
;;;;
;;;;
;;;;
;;;;
;;;;
;;;;
;;;;
;;;;
;;;;
;;;;
;;;;
;;;;
;;;;
;;;;
;;;;
;;;;
;;;;
;;;;
;;;;
;;;;
;;;;
;;;;
;;;;
;;;;
;;;;
;;;;
;;;;
;;;;
;;;;
;;;;
;;;;
;;;;
;;;;
;;;;
;;;;
;;;;
;;;;
;;;;
;;;;
;;;;
;;;;
;;;;
;;;;
;;;;
;;;;
;;;;
;;;;
;;;;
;;;;
;;;;
;;;;
;;;;
;;;;
;;;;
;;;;
;;;;
;;;;
;;;;
;;;;
;;;;
;;;;
;;;;
;;;;
;;;;
;;;;
;;;;
;;;;
;;;;
;;;;
;;;;
;;;;
;;;;
;;;;
;;;;
;;;;
;;;;
;;;;
;;;;
;;;;
;;;;
;;;;
;;;;
;;;;
;;;;
;;;;
;;;;
;;;;
;;;;
;;;;
;;;;
;;;;
;;;;
;;;;
;;;;
;;;;
;;;;
;;;;
;;;;
;;;;
;;;;
;;;;
;;;;
;;;;
;;;;
;;;;
;;;;
;;;;
;;;;
;;;;
;;;;
;;;;
;;;;
;;;;
;;;;
;;;;
;;;;
;;;;
;;;;
;;;;
;;;;
;;;;
;;;;
;;;;
;;;;
;;;;
;;;;
;;;;
;;;;
;;;;
;;;;
;;;;
;;;;
;;;;
;;;;
;;;;
;;;;
;;;;
;;;;
;;;;
;;;;
;;;;
;;;;
;;;;
;;;;
;;;;
;;;;
;;;;
;;;;
;;;;
;;;;
;;;;
;;;;
;;;;
;;;;
;;;;
;;;;
;;;;
;;;;
;;;;
;;;;
;;;;
;;;;
;;;;
;;;;
;;;;
;;;;
;;;;
;;;;
;;;;
;;;;
;;;;
;;;;
;;;;
;;;;
;;;;
;;;;
;;;;
;;;;
;;;;
;;;;
;;;;
;;;;
;;;;
;;;;
;;;;
;;;;
;;;;
;;;;
;;;;
;;;;
;;;;
;;;;
;;;;
;;;;
;;;;
;;;;
;;;;
;;;;
;;;;
;;;;
;;;;
;;;;
;;;;
;;;;
;;;;
;;;;
;;;;
;;;;
;;;;
;;;;
;;;;
;;;;
;;;;
;;;;
;;;;
;;;;
;;;;
;;;;
;;;;
;;;;
;;;;
;;;;
;;;;
;;;;
;;;;
;;;;
;;;;
;;;;
;;;;
;;;;
;;;;
;;;;
;;;;
;;;;
;;;;
;;;;
;;;;
;;;;
;;;;
;;;;
;;;;
;;;;
;;;;
;;;;
;;;;
;;;;
;;;;
;;;;
;;;;
;;;;
;;;;
;;;;
;;;;
;;;;
;;;;
;;;;
;;;;
;;;;
;;;;
;;;;
;;;;
;;;;
;;;;
;;;;
;;;;
;;;;
;;;;
;;;;
;;;;
;;;;
;;;;
;;;;
;;;;
;;;;
;;;;
;;;;
;;;;
;;;;
;;;;
;;;;
;;;;
;;;;
;;;;
;;;;
;;;;
;;;;
;;;;
;;;;
;;;;
;;;;
;;;;
;;;;
;;;;
;;;;
;;;;
;;;;
;;;;
;;;;
;;;;
;;;;
;;;;
;;;;
;;;;
;;;;
;;;;
;;;;
;;;;
;;;;
;;;;
;;;;
;;;;
;;;;
;;;;
;;;;
;;;;
;;;;
;;;;
;;;;
;;;;
;;;;
;;;;
;;;;
;;;;
;;;;
;;;;
;;;;
;;;;
;;;;
;;;;
;;;;
;;;;
;;;;
;;;;
;;;;
;;;;
;;;;
;;;;
;;;;
;;;;
;;;;
;;;;
;;;;
;;;;
;;;;
;;;;
;;;;
;;;;
;;;;
;;;;
;;;;
;;;;
;;;;
;;;;
;;;;
;;;;
;;;;
;;;;
;;;;
;;;;
;;;;
;;;;
;;;;
;;;;
;;;;
;;;;
;;;;
;;;;
;;;;
;;;;
;;;;
;;;;
;;;;
;;;;
;;;;
;;;;
;;;;
;;;;
;;;;
;;;;
;;;;
;;;;
;;;;
;;;;
;;;;
;;;;
;;;;
;;;;
;;;;
;;;;
;;;;
;;;;
;;;;
;;;;
;;;;
;;;;
;;;;
;;;;
;;;;
;;;;
;;;;
;;;;
;;;;
;;;;
;;;;
;;;;
;;;;
;;;;
;;;;
;;;;
;;;;
;;;;
;;;;
;;;;
;;;;
;;;;
;;;;
;;;;
;;;;
;;;;
;;;;
;;;;
;;;;
;;;;
;;;;
;;;;
;;;;
;;;;
;;;;
;;;;
;;;;
;;;;
;;;;
;;;;
;;;;
;;;;
;;;;
;;;;
;;;;
;;;;
;;;;
;;;;
;;;;
;;;;
;;;;
;;;;
;;;;
;;;;
;;;;
;;;;
;;;;
;;;;
;;;;
;;;;
;;;;
;;;;
;;;;
;;;;
;;;;
;;;;
;;;;
;;;;
;;;;
;;;;
;;;;
;;;;
;;;;
;;;;
;;;;
;;;;
;;;;
;;;;
;;;;
;;;;
;;;;
;;;;
;;;;
;;;;
;;;;
;;;;
;;;;
;;;;
;;;;
;;;;
;;;;
;;;;
;;;;
;;;;
;;;;
;;;;
;;;;
;;;;
;;;;
;;;;
;;;;
;;;;
;;;;
;;;;
;;;;
;;;;
;;;;
;;;;
;;;;
;;;;
;;;;
;;;;
;;;;
;;;;
;;;;
;;;;
;;;;
;;;;
;;;;
;;;;
;;;;
;;;;
;;;;
;;;;
;;;;
;;;;
;;;;
;;;;
;;;;
;;;;
;;;;
;;;;
;;;;
;;;;
;;;;
;;;;
;;;;
;;;;
;;;;
;;;;
;;;;
;;;;
;;;;
;;;;
;;;;
;;;;
;;;;
;;;;
;;;;
;;;;
;;;;
;;;;
;;;;
;;;;
;;;;
;;;;
;;;;
;;;;
;;;;
;;;;
;;;;
;;;;
;;;;
;;;;
;;;;
;;;;
;;;;
;;;;
;;;;
;;;;
;;;;
;;;;
;;;;
;;;;
;;;;
;;;;
;;;;
;;;;
;;;;
;;;;
;;;;
;;;;
;;;;
;;;;
;;;;
;;;;
;;;;
;;;;
;;;;
;;;;
;;;;
;;;;
;;;;
;;;;
;;;;
;;;;
;;;;
;;;;
;;;;
;;;;
;;;;
;;;;
;;;;
;;;;
;;;;
;;;;
;;;;
;;;;
;;;;
;;;;
;;;;
;;;;
;;;;
;;;;
;;;;
;;;;
;;;;
;;;;
;;;;
;;;;
;;;;
;;;;
;;;;
;;;;
;;;;
;;;;
;;;;
;;;;
;;;;
;;;;
;;;;
;;;;
;;;;
;;;;
;;;;
;;;;
;;;;
;;;;
;;;;
;;;;
;;;;
;;;;
;;;;
;;;;
;;;;
;;;;
;;;;
;;;;
;;;;
;;;;
;;;;
;;;;
;;;;
;;;;
;;;;
;;;;
;;;;
;;;;
;;;;
;;;;
;;;;
;;;;
;;;;
;;;;
;;;;
;;;;
;;;;
;;;;
;;;;
;;;;
;;;;
;;;;
;;;;
;;;;
;;;;
;;;;
;;;;
;;;;
;;;;
;;;;
;;;;
;;;;
;;;;
;;;;
;;;;
;;;;
;;;;
;;;;
;;;;
;;;;
;;;;
;;;;
;;;;
;;;;
;;;;
;;;;
;;;;
;;;;
;;;;
;;;;
;;;;
;;;;
;;;;
;;;;
;;;;
;;;;
;;;;
;;;;
;;;;
;;;;
;;;;
;;;;
;;;;
;;;;
;;;;
;;;;
;;;;
;;;;
;;;;
;;;;
;;;;
;;;;
;;;;
;;;;
;;;;
;;;;
;;;;
;;;;
;;;;
;;;;
;;;;
;;;;
;;;;
;;;;
;;;;
;;;;
;;;;
;;;;
;;;;
;;;;
;;;;
;;;;
;;;;
;;;;
;;;;
;;;;
;;;;
;;;;
;;;;
;;;;
;;;;
;;;;
;;;;
;;;;
;;;;
;;;;
;;;;
;;;;
;;;;
;;;;
;;;;
;;;;
;;;;
;;;;
;;;;
;;;;
;;;;
;;;;
;;;;
;;;;
;;;;
;;;;
;;;;
;;;;
;;;;
;;;;
;;;;
;;;;
;;;;
;;;;
;;;;
;;;;
;;;;
;;;;
;;;;
;;;;
;;;;
;;;;
;;;;
;;;;
;;;;
;;;;
;;;;
;;;;
;;;;
;;;;
;;;;
;;;;
;;;;
;;;;
;;;;
;;;;
;;;;
;;;;
;;;;
;;;;
;;;;
;;;;
;;;;
;;;;
;;;;
;;;;
;;;;
;;;;
;;;;
;;;;
;;;;
;;;;
;;;;
;;;;
;;;;
;;;;
;;;;
;;;;
;;;;
;;;;
;;;;
;;;;
;;;;
;;;;
;;;;
;;;;
;;;;
;;;;
;;;;
;;;;
;;;;
;;;;
;;;;
;;;;
;;;;
;;;;
;;;;
;;;;
;;;;
;;;;
;;;;
;;;;
;;;;
;;;;
;;;;
;;;;
;;;;
;;;;
;;;;
;;;;
;;;;
;;;;
;;;;
;;;;
;;;;
;;;;
;;;;
;;;;
;;;;
;;;;
;;;;
;;;;
;;;;
;;;;
;;;;
;;;;
;;;;
;;;;
;;;;
;;;;
;;;;
;;;;
;;;;
;;;;
;;;;
;;;;
;;;;
;;;;
;;;;
;;;;
;;;;
;;;;
;;;;
;;;;
;;;;
;;;;
;;;;
;;;;
;;;;
;;;;
;;;;
;;;;
;;;;
;;;;
;;;;
;;;;
;;;;
;;;;
;;;;
;;;;
;;;;
;;;;
;;;;
;;;;
;;;;
;;;;
;;;;
;;;;
;;;;
;;;;
;;;;
;;;;
;;;;
;;;;
;;;;
;;;;
;;;;
;;;;
;;;;
;;;;
;;;;
;;;;
;;;;
;;;;
;;;;
;;;;
;;;;
;;;;
;;;;
;;;;
;;;;
;;;;
;;;;
;;;;
;;;;
;;;;
;;;;
;;;;
;;;;
;;;;
;;;;
;;;;
;;;;
;;;;
;;;;
;;;;
;;;;
;;;;
;;;;
;;;;
;;;;
;;;;
;;;;
;;;;
;;;;
;;;;
;;;;
;;;;
;;;;
;;;;
;;;;
;;;;
;;;;
;;;;
;;;;
;;;;
;;;;
;;;;
;;;;
;;;;
;;;;
;;;;
;;;;
;;;;
;;;;
;;;;
;;;;
;;;;
;;;;
;;;;
;;;;
;;;;
;;;;
;;;;
;;;;
;;;;
;;;;
;;;;
;;;;
;;;;
;;;;
;;;;
;;;;
;;;;
;;;;
;;;;
;;;;
;;;;
;;;;
;;;;
;;;;
;;;;
;;;;
;;;;
;;;;
;;;;
;;;;
;;;;
;;;;
;;;;
;;;;
;;;;
;;;;
;;;;
;;;;
;;;;
;;;;
;;;;
;;;;
;;;;
;;;;
;;;;
;;;;
;;;;
;;;;
;;;;
;;;;
;;;;
;;;;
;;;;
;;;;
;;;;
;;;;
;;;;
;;;;
;;;;
;;;;
;;;;
;;;;
;;;;
;;;;
;;;;
;;;;
;;;;
;;;;
;;;;
;;;;
;;;;
;;;;
;;;;
;;;;
;;;;
;;;;
;;;;
;;;;
;;;;
;;;;
;;;;
;;;;
;;;;
;;;;
;;;;
;;;;
;;;;
;;;;
;;;;
;;;;
;;;;
;;;;
;;;;
;;;;
;;;;
;;;;
;;;;
;;;;
;;;;
;;;;
;;;;
;;;;
;;;;
;;;;
;;;;
;;;;
;;;;
;;;;
;;;;
;;;;
;;;;
;;;;
;;;;
;;;;
;;;;
;;;;
;;;;
;;;;
;;;;
;;;;
;;;;
;;;;
;;;;
;;;;
;;;;
;;;;
;;;;
;;;;
;;;;
;;;;
;;;;
;;;;
;;;;
;;;;
;;;;
;;;;
;;;;
;;;;
;;;;
;;;;
;;;;
;;;;
;;;;
;;;;
;;;;
;;;;
;;;;
;;;;
;;;;
;;;;
;;;;
;;;;
;;;;
;;;;
;;;;
;;;;
;;;;
;;;;
;;;;
;;;;
;;;;
;;;;
;;;;
;;;;
;;;;
;;;;
;;;;
;;;;
;;;;
;;;;
;;;;
;;;;
;;;;
;;;;
;;;;
;;;;
;;;;
;;;;
;;;;
;;;;
;;;;
;;;;
;;;;
;;;;
;;;;
;;;;
;;;;
;;;;
;;;;
;;;;
;;;;
;;;;
;;;;
;;;;
;;;;
;;;;
;;;;
;;;;
;;;;
;;;;
;;;;
;;;;
;;;;
;;;;
;;;;
;;;;
;;;;
;;;;
;;;;
;;;;
;;;;
;;;;
;;;;
;;;;
;;;;
;;;;
;;;;
;;;;
;;;;
;;;;
;;;;
;;;;
;;;;
;;;;
;;;;
;;;;
;;;;
;;;;
;;;;
;;;;
;;;;
;;;;
;;;;
;;;;
;;;;
;;;;
;;;;
;;;;
;;;;
;;;;
;;;;
;;;;
;;;;
;;;;
;;;;
;;;;
;;;;
;;;;
;;;;
;;;;
;;;;
;;;;
;;;;
;;;;
;;;;
;;;;
;;;;
;;;;
;;;;
;;;;
;;;;
;;;;
;;;;
;;;;
;;;;
;;;;
;;;;
;;;;
;;;;
;;;;
;;;;
;;;;
;;;;
;;;;
;;;;
;;;;
;;;;
;;;;
;;;;
;;;;
;;;;
;;;;
;;;;
;;;;
;;;;
;;;;
;;;;
;;;;
;;;;
;;;;
;;;;
;;;;
;;;;
;;;;
;;;;
;;;;
;;;;
;;;;
;;;;
;;;;
;;;;
;;;;
;;;;
;;;;
;;;;
;;;;
;;;;
;;;;
;;;;
;;;;
;;;;
;;;;
;;;;
;;;;
;;;;
;;;;
;;;;
;;;;
;;;;
;;;;
;;;;
;;;;
;;;;
;;;;
;;;;
;;;;
;;;;
;;;;
;;;;
;;;;
;;;;
;;;;
;;;;
;;;;
;;;;
;;;;
;;;;
;;;;
;;;;
;;;;
;;;;
;;;;
;;;;
;;;;
;;;;
;;;;
;;;;
;;;;
;;;;
;;;;
;;;;
;;;;
;;;;
;;;;
;;;;
;;;;
;;;;
;;;;
;;;;
;;;;
;;;;
;;;;
;;;;
;;;;
;;;;
;;;;
;;;;
;;;;
;;;;
;;;;
;;;;
;;;;
;;;;
;;;;
;;;;
;;;;
;;;;
;;;;
;;;;
;;;;
;;;;
;;;;
;;;;
;;;;
;;;;
;;;;
;;;;
;;;;
;;;;
;;;;
;;;;
;;;;
;;;;
;;;;
;;;;
;;;;
;;;;
;;;;
;;;;
;;;;
;;;;
;;;;
;;;;
;;;;
;;;;
;;;;
;;;;
;;;;
;;;;
;;;;
;;;;
;;;;
;;;;
;;;;
;;;;
;;;;
;;;;
;;;;
;;;;
;;;;
;;;;
;;;;
;;;;
;;;;
;;;;
;;;;
;;;;
;;;;
;;;;
;;;;
;;;;
;;;;
;;;;
;;;;
;;;;
;;;;
;;;;
;;;;
;;;;
;;;;
;;;;
;;;;
;;;;
;;;;
;;;;
;;;;
;;;;
;;;;
;;;;
;;;;
;;;;
;;;;
;;;;
;;;;
;;;;
;;;;
;;;;
;;;;
;;;;
;;;;
;;;;
;;;;
;;;;
;;;;
;;;;
;;;;
;;;;
;;;;
;;;;
;;;;
;;;;
;;;;
;;;;
;;;;
;;;;
;;;;
;;;;
;;;;
;;;;
;;;;
;;;;
;;;;
;;;;
;;;;
;;;;
;;;;
;;;;
;;;;
;;;;
;;;;
;;;;
;;;;
;;;;
;;;;
;;;;
;;;;
;;;;
;;;;
;;;;
;;;;
;;;;
;;;;
;;;;
;;;;
;;;;
;;;;
;;;;
;;;;
;;;;
;;;;
;;;;
;;;;
;;;;
;;;;
;;;;
;;;;
;;;;
;;;;
;;;;
;;;;
;;;;
;;;;
;;;;
;;;;
;;;;
;;;;
;;;;
;;;;
;;;;
;;;;
;;;;
;;;;
;;;;
;;;;
;;;;
;;;;
;;;;
;;;;
;;;;
;;;;
;;;;
;;;;
;;;;
;;;;
;;;;
;;;;
;;;;
;;;;
;;;;
;;;;
;;;;
;;;;
;;;;
;;;;
;;;;
;;;;
;;;;
;;;;
;;;;
;;;;
;;;;
;;;;
;;;;
;;;;
;;;;
;;;;
;;;;
;;;;
;;;;
;;;;
;;;;
;;;;
;;;;
;;;;
;;;;
;;;;
;;;;
;;;;
;;;;
;;;;
;;;;
;;;;
;;;;
;;;;
;;;;
;;;;
;;;;
;;;;
;;;;
;;;;
;;;;
;;;;
;;;;
;;;;
;;;;
;;;;
;;;;
;;;;
;;;;
;;;;
;;;;
;;;;
;;;;
;;;;
;;;;
;;;;
;;;;
;;;;
;;;;
;;;;
;;;;
;;;;
;;;;
;;;;
;;;;
;;;;
;;;;
;;;;
;;;;
;;;;
;;;;
;;;;
;;;;
;;;;
;;;;
;;;;
;;;;
;;;;
;;;;
;;;;
;;;;
;;;;
;;;;
;;;;
;;;;
;;;;
;;;;
;;;;
;;;;
;;;;
;;;;
;;;;
;;;;
;;;;
;;;;
;;;;
;;;;
;;;;
;;;;
;;;;
;;;;
;;;;
;;;;
;;;;
;;;;
;;;;
;;;;
;;;;
;;;;
;;;;
;;;;
;;;;
;;;;
;;;;
;;;;
;;;;
;;;;
;;;;
;;;;
;;;;
;;;;
;;;;
;;;;
;;;;
;;;;
;;;;
;;;;
;;;;
;;;;
;;;;
;;;;
;;;;
;;;;
;;;;
;;;;
;;;;
;;;;
;;;;
;;;;
;;;;
;;;;
;;;;
;;;;
;;;;
;;;;
;;;;
;;;;
;;;;
;;;;
;;;;
;;;;
;;;;
;;;;
;;;;
;;;;
;;;;
;;;;
;;;;
;;;;
;;;;
;;;;
;;;;
;;;;
;;;;
;;;;
;;;;
;;;;
;;;;
;;;;
;;;;
;;;;
;;;;
;;;;
;;;;
;;;;
;;;;
;;;;
;;;;
;;;;
;;;;
;;;;
;;;;
;;;;
;;;;
;;;;
;;;;
;;;;
;;;;
;;;;
;;;;
;;;;
;;;;
;;;;
;;;;
;;;;
;;;;
;;;;
;;;;
;;;;
;;;;
;;;;
;;;;
;;;;
;;;;
;;;;
;;;;
;;;;
;;;;
;;;;
;;;;
;;;;
;;;;
;;;;
;;;;
;;;;
;;;;
;;;;
;;;;
;;;;
;;;;
;;;;
;;;;
;;;;
;;;;
;;;;
;;;;
;;;;
;;;;
;;;;
;;;;
;;;;
;;;;
;;;;
;;;;
;;;;
;;;;
;;;;
;;;;
;;;;
;;;;
;;;;
;;;;
;;;;
;;;;
;;;;
;;;;
;;;;
;;;;
;;;;
;;;;
;;;;
;;;;
;;;;
;;;;
;;;;
;;;;
;;;;
;;;;
;;;;
;;;;
;;;;
;;;;
;;;;
;;;;
;;;;
;;;;
;;;;
;;;;
;;;;
;;;;
;;;;
;;;;
;;;;
;;;;
;;;;
;;;;
;;;;
;;;;
;;;;
;;;;
;;;;
;;;;
;;;;
;;;;
;;;;
;;;;
;;;;
;;;;
;;;;
;;;;
;;;;
;;;;
;;;;
;;;;
;;;;
;;;;
;;;;
;;;;
;;;;
;;;;
;;;;
;;;;
;;;;
;;;;
;;;;
;;;;
;;;;
;;;;
;;;;
;;;;
;;;;
;;;;
;;;;
;;;;
;;;;
;;;;
;;;;
;;;;
;;;;
;;;;
;;;;
;;;;
;;;;
;;;;
;;;;
;;;;
;;;;
;;;;
;;;;
;;;;
;;;;
;;;;
;;;;
;;;;
;;;;
;;;;
;;;;
;;;;
;;;;
;;;;
;;;;
;;;;
;;;;
;;;;
;;;;
;;;;
;;;;
;;;;
;;;;
;;;;
;;;;
;;;;
;;;;
;;;;
;;;;
;;;;
;;;;
;;;;
;;;;
;;;;
;;;;
;;;;
;;;;
;;;;
;;;;
;;;;
;;;;
;;;;
;;;;
;;;;
;;;;
;;;;
;;;;
;;;;
;;;;
;;;;
;;;;
;;;;
;;;;
;;;;
;;;;
;;;;
;;;;
;;;;
;;;;
;;;;
;;;;
;;;;
;;;;
;;;;
;;;;
;;;;
;;;;
;;;;
;;;;
;;;;
;;;;
;;;;
;;;;
;;;;
;;;;
;;;;
;;;;
;;;;
;;;;
;;;;
;;;;
;;;;
;;;;
;;;;
;;;;
;;;;
;;;;
;;;;
;;;;
;;;;
;;;;
;;;;
;;;;
;;;;
;;;;
;;;;
;;;;
;;;;
;;;;
;;;;
;;;;
;;;;
;;;;
;;;;
;;;;
;;;;
;;;;
;;;;
;;;;
;;;;
;;;;
;;;;
;;;;
;;;;
;;;;
;;;;
;;;;
;;;;
;;;;
;;;;
;;;;
;;;;
;;;;
;;;;
;;;;
;;;;
;;;;
;;;;
;;;;
;;;;
;;;;
;;;;
;;;;
;;;;
;;;;
;;;;
;;;;
;;;;
;;;;
;;;;
;;;;
;;;;
;;;;
;;;;
;;;;
;;;;
;;;;
;;;;
;;;;
;;;;
;;;;
;;;;
;;;;
;;;;
;;;;
;;;;
;;;;
;;;;
;;;;
;;;;
;;;;
;;;;
;;;;
;;;;
;;;;
;;;;
;;;;
;;;;
;;;;
;;;;
;;;;
;;;;
;;;;
;;;;
;;;;
;;;;
;;;;
;;;;
;;;;
;;;;
;;;;
;;;;
;;;;
;;;;
;;;;
;;;;
;;;;
;;;;
;;;;
;;;;
;;;;
;;;;
;;;;
;;;;
;;;;
;;;;
;;;;
;;;;
;;;;
;;;;
;;;;
;;;;
;;;;
;;;;
;;;;
;;;;
;;;;
;;;;
;;;;
;;;;
;;;;
;;;;
;;;;
;;;;
;;;;
;;;;
;;;;
;;;;
;;;;
;;;;
;;;;
;;;;
;;;;
;;;;
;;;;
;;;;
;;;;
;;;;
;;;;
;;;;
;;;;
;;;;
;;;;
;;;;
;;;;
;;;;
;;;;
;;;;
;;;;
;;;;
;;;;
;;;;
;;;;
;;;;
;;;;
;;;;
;;;;
;;;;
;;;;
;;;;
;;;;
;;;;
;;;;
;;;;
;;;;
;;;;
;;;;
;;;;
;;;;
;;;;
;;;;
;;;;
;;;;
;;;;
;;;;
;;;;
;;;;
;;;;
;;;;
;;;;
;;;;
;;;;
;;;;
;;;;
;;;;
;;;;
;;;;
;;;;
;;;;
;;;;
;;;;
;;;;
;;;;
;;;;
;;;;
;;;;
;;;;
;;;;
;;;;
;;;;
;;;;
;;;;
;;;;
;;;;
;;;;
;;;;
;;;;
;;;;
;;;;
;;;;
;;;;
;;;;
;;;;
;;;;
;;;;
;;;;
;;;;
;;;;
;;;;
;;;;
;;;;
;;;;
;;;;
;;;;
;;;;
;;;;
;;;;
;;;;
;;;;
;;;;
;;;;
;;;;
;;;;
;;;;
;;;;
;;;;
;;;;
;;;;
;;;;
;;;;
;;;;
;;;;
;;;;
;;;;
;;;;
;;;;
;;;;
;;;;
;;;;
;;;;
;;;;
;;;;
;;;;
;;;;
;;;;
;;;;
;;;;
;;;;
;;;;
;;;;
;;;;
;;;;
;;;;
;;;;
;;;;
;;;;
;;;;
;;;;
;;;;
;;;;
;;;;
;;;;
;;;;
;;;;
;;;;
;;;;
;;;;
;;;;
;;;;
;;;;
;;;;
;;;;
;;;;
;;;;
;;;;
;;;;
;;;;
;;;;
;;;;
;;;;
;;;;
;;;;
;;;;
;;;;
;;;;
;;;;
;;;;
;;;;
;;;;
;;;;
;;;;
;;;;
;;;;
;;;;
;;;;
;;;;
;;;;
;;;;
;;;;
;;;;
;;;;
;;;;
;;;;
;;;;
;;;;
;;;;
;;;;
;;;;
;;;;
;;;;
;;;;
;;;;
;;;;
;;;;
;;;;
;;;;
;;;;
;;;;
;;;;
;;;;
;;;;
;;;;
;;;;
;;;;
;;;;
;;;;
;;;;
;;;;
;;;;
;;;;
;;;;
;;;;
;;;;
;;;;
;;;;
;;;;
;;;;
;;;;
;;;;
;;;;
;;;;
;;;;
;;;;
;;;;
;;;;
;;;;
;;;;
;;;;
;;;;
;;;;
;;;;
;;;;
;;;;
;;;;
;;;;
;;;;
;;;;
;;;;
;;;;
;;;;
;;;;
;;;;
;;;;
;;;;
;;;;
;;;;
;;;;
;;;;
;;;;
;;;;
;;;;
;;;;
;;;;
;;;;
;;;;
;;;;
;;;;
;;;;
;;;;
;;;;
;;;;
;;;;
;;;;
;;;;
;;;;
;;;;
;;;;
;;;;
;;;;
;;;;
;;;;
;;;;
;;;;
;;;;
;;;;
;;;;
;;;;
;;;;
;;;;
;;;;
;;;;
;;;;
;;;;
;;;;
;;;;
;;;;
;;;;
;;;;
;;;;
;;;;
;;;;
;;;;
;;;;
;;;;
;;;;
;;;;
;;;;
;;;;
;;;;
;;;;
;;;;
;;;;
;;;;
;;;;
;;;;
;;;;
;;;;
;;;;
;;;;
;;;;
;;;;
;;;;
;;;;
;;;;
;;;;
;;;;
;;;;
;;;;
;;;;
;;;;
;;;;
;;;;
;;;;
;;;;
;;;;
;;;;
;;;;
;;;;
;;;;
;;;;
;;;;
;;;;
;;;;
;;;;
;;;;
;;;;
;;;;
;;;;
;;;;
;;;;
;;;;
;;;;
;;;;
;;;;
;;;;
;;;;
;;;;
;;;;
;;;;
;;;;
;;;;
;;;;
;;;;
;;;;
;;;;
;;;;
;;;;
;;;;
;;;;
;;;;
;;;;
;;;;
;;;;
;;;;
;;;;
;;;;
;;;;
;;;;
;;;;
;;;;
;;;;
;;;;
;;;;
;;;;
;;;;
;;;;
;;;;
;;;;
;;;;
;;;;
;;;;
;;;;
;;;;
;;;;
;;;;
;;;;
;;;;
;;;;
;;;;
;;;;
;;;;
;;;;
;;;;
;;;;
;;;;
;;;;
;;;;
;;;;
;;;;
;;;;
;;;;
;;;;
;;;;
;;;;
;;;;
;;;;
;;;;
;;;;
;;;;
;;;;
;;;;
;;;;
;;;;
;;;;
;;;;
;;;;
;;;;
;;;;
;;;;
;;;;
;;;;
;;;;
;;;;
;;;;
;;;;
;;;;
;;;;
;;;;
;;;;
;;;;
;;;;
;;;;
;;;;
;;;;
;;;;
;;;;
;;;;
;;;;
;;;;
;;;;
;;;;
;;;;
;;;;
;;;;
;;;;
;;;;
;;;;
;;;;
;;;;
;;;;
;;;;
;;;;
;;;;
;;;;
;;;;
;;;;
;;;;
;;;;
;;;;
;;;;
;;;;
;;;;
;;;;
;;;;
;;;;
;;;;
;;;;
;;;;
;;;;
;;;;
;;;;
;;;;
;;;;
;;;;
;;;;
;;;;
;;;;
;;;;
;;;;
;;;;
;;;;
;;;;
;;;;
;;;;
;;;;
;;;;
;;;;
;;;;
;;;;
;;;;
;;;;
;;;;
;;;;
;;;;
;;;;
;;;;
;;;;
;;;;
;;;;
;;;;
;;;;
;;;;
;;;;
;;;;
;;;;
;;;;
;;;;
;;;;
;;;;
;;;;
;;;;
;;;;
;;;;
;;;;
;;;;
;;;;
;;;;
;;;;
;;;;
;;;;
;;;;
;;;;
;;;;
;;;;
;;;;
;;;;
;;;;
;;;;
;;;;
;;;;
;;;;
;;;;
;;;;
;;;;
;;;;
;;;;
;;;;
;;;;
;;;;
;;;;
;;;;
;;;;
;;;;
;;;;
;;;;
;;;;
;;;;
;;;;
;;;;
;;;;
;;;;
;;;;
;;;;
;;;;
;;;;
;;;;
;;;;
;;;;
;;;;
;;;;
;;;;
;;;;
;;;;
;;;;
;;;;
;;;;
;;;;
;;;;
;;;;
;;;;
;;;;
;;;;
;;;;
;;;;
;;;;
;;;;
;;;;
;;;;
;;;;
;;;;
;;;;
;;;;
;;;;
;;;;
;;;;
;;;;
;;;;
;;;;
;;;;
;;;;
;;;;
;;;;
;;;;
;;;;
;;;;
;;;;
;;;;
;;;;
;;;;
;;;;
;;;;
;;;;
;;;;
;;;;
;;;;
;;;;
;;;;
;;;;
;;;;
;;;;
;;;;
;;;;
;;;;
;;;;
;;;;
;;;;
;;;;
;;;;
;;;;
;;;;
;;;;
;;;;
;;;;
;;;;
;;;;
;;;;
;;;;
;;;;
;;;;
;;;;
;;;;
;;;;
;;;;
;;;;
;;;;
;;;;
;;;;
;;;;
;;;;
;;;;
;;;;
;;;;
;;;;
;;;;
;;;;
;;;;
;;;;
;;;;
;;;;
;;;;
;;;;
;;;;
;;;;
;;;;
;;;;
;;;;
;;;;
;;;;
;;;;
;;;;
;;;;
;;;;
;;;;
;;;;
;;;;
;;;;
;;;;
;;;;
;;;;
;;;;
;;;;
;;;;
;;;;
;;;;
;;;;
;;;;
;;;;
;;;;
;;;;
;;;;
;;;;
;;;;
;;;;
;;;;
;;;;
;;;;
;;;;
;;;;
;;;;
;;;;
;;;;
;;;;
;;;;
;;;;
;;;;
;;;;
;;;;
;;;;
;;;;
;;;;
;;;;
;;;;
;;;;
;;;;
;;;;
;;;;
;;;;
;;;;
;;;;
;;;;
;;;;
;;;;
;;;;
;;;;
;;;;
;;;;
;;;;
;;;;
;;;;
;;;;
;;;;
;;;;
;;;;
;;;;
;;;;
;;;;
;;;;
;;;;
;;;;
;;;;
;;;;
;;;;
;;;;
;;;;
;;;;
;;;;
;;;;
;;;;
;;;;
;;;;
;;;;
;;;;
;;;;
;;;;
;;;;
;;;;
;;;;
;;;;
;;;;
;;;;
;;;;
;;;;
;;;;
;;;;
;;;;
;;;;
;;;;
;;;;
;;;;
;;;;
;;;;
;;;;
;;;;
;;;;
;;;;
;;;;
;;;;
;;;;
;;;;
;;;;
;;;;
;;;;
;;;;
;;;;
;;;;
;;;;
;;;;
;;;;
;;;;
;;;;
;;;;
;;;;
;;;;
;;;;
;;;;
;;;;
;;;;
;;;;
;;;;
;;;;
;;;;
;;;;
;;;;
;;;;
;;;;
;;;;
;;;;
;;;;
;;;;
;;;;
;;;;
;;;;
;;;;
;;;;
;;;;
;;;;
;;;;
;;;;
;;;;
;;;;
;;;;
;;;;
;;;;
;;;;
;;;;
;;;;
;;;;
;;;;
;;;;
;;;;
;;;;
;;;;
;;;;
;;;;
;;;;
;;;;
;;;;
;;;;
;;;;
;;;;
;;;;
;;;;
;;;;
;;;;
;;;;
;;;;
;;;;
;;;;
;;;;
;;;;
;;;;
;;;;
;;;;
;;;;
;;;;
;;;;
;;;;
;;;;
;;;;
;;;;
;;;;
;;;;
;;;;
;;;;
;;;;
;;;;
;;;;
;;;;
;;;;
;;;;
;;;;
;;;;
;;;;
;;;;
;;;;
;;;;
;;;;
;;;;
;;;;
;;;;
;;;;
;;;;
;;;;
;;;;
;;;;
;;;;
;;;;
;;;;
;;;;
;;;;
;;;;
;;;;
;;;;
;;;;
;;;;
;;;;
;;;;
;;;;
;;;;
;;;;
;;;;
;;;;
;;;;
;;;;
;;;;
;;;;
;;;;
;;;;
;;;;
;;;;
;;;;
;;;;
;;;;
;;;;
;;;;
;;;;
;;;;
;;;;
;;;;
;;;;
;;;;
;;;;
;;;;
;;;;
;;;;
;;;;
;;;;
;;;;
;;;;
;;;;
;;;;
;;;;
;;;;
;;;;
;;;;
;;;;
;;;;
;;;;
;;;;
;;;;
;;;;
;;;;
;;;;
;;;;
;;;;
;;;;
;;;;
;;;;
;;;;
;;;;
;;;;
;;;;
;;;;
;;;;
;;;;
;;;;
;;;;
;;;;
;;;;
;;;;
;;;;
;;;;
;;;;
;;;;
;;;;
;;;;
;;;;
;;;;
;;;;
;;;;
;;;;
;;;;
;;;;
;;;;
;;;;
;;;;
;;;;
;;;;
;;;;
;;;;
;;;;
;;;;
;;;;
;;;;
;;;;
;;;;
;;;;
;;;;
;;;;
;;;;
;;;;
;;;;
;;;;
;;;;
;;;;
;;;;
;;;;
;;;;
;;;;
;;;;
;;;;
;;;;
;;;;
;;;;
;;;;
;;;;
;;;;
;;;;
;;;;
;;;;
;;;;
;;;;
;;;;
;;;;
;;;;
;;;;
;;;;
;;;;
;;;;
;;;;
;;;;
;;;;
;;;;
;;;;
;;;;
;;;;
;;;;
;;;;
;;;;
;;;;
;;;;
;;;;
;;;;
;;;;
;;;;
;;;;
;;;;
;;;;
;;;;
;;;;
;;;;
;;;;
;;;;
;;;;
;;;;
;;;;
;;;;
;;;;
;;;;
;;;;
;;;;
;;;;
;;;;
;;;;
;;;;
;;;;
;;;;
;;;;
;;;;
;;;;
;;;;
;;;;
;;;;
;;;;
;;;;
;;;;
;;;;
;;;;
;;;;
;;;;
;;;;
